-- phpMyAdmin SQL Dump
-- version 5.2.0
-- https://www.phpmyadmin.net/
--
-- Gép: 127.0.0.1
-- Létrehozás ideje: 2022. Nov 28. 18:42
-- Kiszolgáló verziója: 10.4.25-MariaDB
-- PHP verzió: 8.1.10

SET SQL_MODE = "NO_AUTO_VALUE_ON_ZERO";
START TRANSACTION;
SET time_zone = "+00:00";


/*!40101 SET @OLD_CHARACTER_SET_CLIENT=@@CHARACTER_SET_CLIENT */;
/*!40101 SET @OLD_CHARACTER_SET_RESULTS=@@CHARACTER_SET_RESULTS */;
/*!40101 SET @OLD_COLLATION_CONNECTION=@@COLLATION_CONNECTION */;
/*!40101 SET NAMES utf8mb4 */;

--
-- Adatbázis: `smarthome`
--
CREATE DATABASE IF NOT EXISTS `smarthome` DEFAULT CHARACTER SET utf8 COLLATE utf8_hungarian_ci;
USE `smarthome`;

-- --------------------------------------------------------

--
-- Tábla szerkezet ehhez a táblához `rooms_settings`
--

CREATE TABLE IF NOT EXISTS `rooms_settings` (
  `id` int(11) NOT NULL AUTO_INCREMENT,
  `sensor_type_id` int(11) NOT NULL,
  `room_type_id` int(11) NOT NULL,
  `from_value` float NOT NULL,
  `to_value` float NOT NULL,
  `week_day` int(2) NOT NULL,
  `time_start` time NOT NULL,
  `time_end` time NOT NULL,
  PRIMARY KEY (`id`),
  KEY `room_type_id` (`room_type_id`),
  KEY `sensor_type_id` (`sensor_type_id`)
) ENGINE=InnoDB AUTO_INCREMENT=163 DEFAULT CHARSET=utf8 COLLATE=utf8_hungarian_ci;

--
-- A tábla adatainak kiíratása `rooms_settings`
--

INSERT INTO `rooms_settings` (`id`, `sensor_type_id`, `room_type_id`, `from_value`, `to_value`, `week_day`, `time_start`, `time_end`) VALUES
(1, 1, 1, 19, 20, 1, '00:00:00', '07:00:00'),
(2, 1, 2, 19, 20, 1, '00:00:00', '07:00:00'),
(3, 1, 3, 19, 20, 1, '00:00:00', '07:00:00'),
(4, 1, 5, 19, 20, 1, '00:00:00', '07:00:00'),
(5, 1, 6, 19, 20, 1, '00:00:00', '07:00:00'),
(6, 1, 1, 21, 22, 1, '07:00:00', '09:00:00'),
(7, 1, 2, 21, 22, 1, '07:00:00', '09:00:00'),
(8, 1, 3, 21, 22, 1, '07:00:00', '09:00:00'),
(9, 1, 5, 21, 22, 1, '07:00:00', '09:00:00'),
(10, 1, 6, 21, 22, 1, '07:00:00', '09:00:00'),
(11, 1, 1, 18, 20, 1, '09:00:00', '15:00:00'),
(12, 1, 2, 18, 20, 1, '09:00:00', '15:00:00'),
(13, 1, 3, 18, 20, 1, '09:00:00', '15:00:00'),
(14, 1, 5, 18, 20, 1, '09:00:00', '15:00:00'),
(15, 1, 6, 18, 20, 1, '09:00:00', '15:00:00'),
(16, 1, 1, 21, 22, 1, '15:00:00', '21:00:00'),
(17, 1, 2, 21, 22, 1, '15:00:00', '21:00:00'),
(18, 1, 3, 21, 22, 1, '15:00:00', '21:00:00'),
(19, 1, 5, 21, 22, 1, '15:00:00', '21:00:00'),
(20, 1, 6, 21, 22, 1, '15:00:00', '21:00:00'),
(21, 1, 1, 19, 20, 1, '21:00:00', '23:59:00'),
(22, 1, 2, 19, 20, 1, '21:00:00', '23:59:00'),
(23, 1, 3, 19, 20, 1, '21:00:00', '23:59:00'),
(24, 1, 5, 19, 20, 1, '21:00:00', '23:59:00'),
(25, 1, 6, 19, 20, 1, '21:00:00', '23:59:00'),
(26, 1, 1, 19, 20, 2, '00:00:00', '07:00:00'),
(27, 1, 2, 19, 20, 2, '00:00:00', '07:00:00'),
(28, 1, 3, 19, 20, 2, '00:00:00', '07:00:00'),
(29, 1, 5, 19, 20, 2, '00:00:00', '07:00:00'),
(30, 1, 6, 19, 20, 2, '00:00:00', '07:00:00'),
(31, 1, 1, 21, 22, 2, '07:00:00', '09:00:00'),
(32, 1, 2, 21, 22, 2, '07:00:00', '09:00:00'),
(33, 1, 3, 21, 22, 2, '07:00:00', '09:00:00'),
(34, 1, 5, 21, 22, 2, '07:00:00', '09:00:00'),
(35, 1, 6, 21, 22, 2, '07:00:00', '09:00:00'),
(36, 1, 1, 18, 20, 2, '09:00:00', '15:00:00'),
(37, 1, 2, 18, 20, 2, '09:00:00', '15:00:00'),
(38, 1, 3, 18, 20, 2, '09:00:00', '15:00:00'),
(39, 1, 5, 18, 20, 2, '09:00:00', '15:00:00'),
(40, 1, 6, 18, 20, 2, '09:00:00', '15:00:00'),
(41, 1, 1, 21, 22, 2, '15:00:00', '21:00:00'),
(42, 1, 2, 21, 22, 2, '15:00:00', '21:00:00'),
(43, 1, 3, 21, 22, 2, '15:00:00', '21:00:00'),
(44, 1, 5, 21, 22, 2, '15:00:00', '21:00:00'),
(45, 1, 6, 21, 22, 2, '15:00:00', '21:00:00'),
(46, 1, 1, 19, 20, 2, '21:00:00', '23:59:00'),
(47, 1, 2, 19, 20, 2, '21:00:00', '23:59:00'),
(48, 1, 3, 19, 20, 2, '21:00:00', '23:59:00'),
(49, 1, 5, 19, 20, 2, '21:00:00', '23:59:00'),
(50, 1, 6, 19, 20, 2, '21:00:00', '23:59:00'),
(51, 1, 1, 19, 20, 3, '00:00:00', '07:00:00'),
(52, 1, 2, 19, 20, 3, '00:00:00', '07:00:00'),
(53, 1, 3, 19, 20, 3, '00:00:00', '07:00:00'),
(54, 1, 5, 19, 20, 3, '00:00:00', '07:00:00'),
(55, 1, 6, 19, 20, 3, '00:00:00', '07:00:00'),
(56, 1, 1, 21, 22, 3, '07:00:00', '09:00:00'),
(57, 1, 2, 21, 22, 3, '07:00:00', '09:00:00'),
(58, 1, 3, 21, 22, 3, '07:00:00', '09:00:00'),
(59, 1, 5, 21, 22, 3, '07:00:00', '09:00:00'),
(60, 1, 6, 21, 22, 3, '07:00:00', '09:00:00'),
(61, 1, 1, 18, 20, 3, '09:00:00', '15:00:00'),
(62, 1, 2, 18, 20, 3, '09:00:00', '15:00:00'),
(63, 1, 3, 18, 20, 3, '09:00:00', '15:00:00'),
(64, 1, 5, 18, 20, 3, '09:00:00', '15:00:00'),
(65, 1, 6, 18, 20, 3, '09:00:00', '15:00:00'),
(66, 1, 1, 21, 22, 3, '15:00:00', '21:00:00'),
(67, 1, 2, 21, 22, 3, '15:00:00', '21:00:00'),
(68, 1, 3, 21, 22, 3, '15:00:00', '21:00:00'),
(69, 1, 5, 21, 22, 3, '15:00:00', '21:00:00'),
(70, 1, 6, 21, 22, 3, '15:00:00', '21:00:00'),
(71, 1, 1, 19, 20, 3, '21:00:00', '23:59:00'),
(72, 1, 2, 19, 20, 3, '21:00:00', '23:59:00'),
(73, 1, 3, 19, 20, 3, '21:00:00', '23:59:00'),
(74, 1, 5, 19, 20, 3, '21:00:00', '23:59:00'),
(75, 1, 6, 19, 20, 3, '21:00:00', '23:59:00'),
(76, 1, 1, 19, 20, 4, '00:00:00', '07:00:00'),
(77, 1, 2, 19, 20, 4, '00:00:00', '07:00:00'),
(78, 1, 3, 19, 20, 4, '00:00:00', '07:00:00'),
(79, 1, 5, 19, 20, 4, '00:00:00', '07:00:00'),
(80, 1, 6, 19, 20, 4, '00:00:00', '07:00:00'),
(81, 1, 1, 21, 22, 4, '07:00:00', '09:00:00'),
(82, 1, 2, 21, 22, 4, '07:00:00', '09:00:00'),
(83, 1, 3, 21, 22, 4, '07:00:00', '09:00:00'),
(84, 1, 5, 21, 22, 4, '07:00:00', '09:00:00'),
(85, 1, 6, 21, 22, 4, '07:00:00', '09:00:00'),
(86, 1, 1, 18, 20, 4, '09:00:00', '15:00:00'),
(87, 1, 2, 18, 20, 4, '09:00:00', '15:00:00'),
(88, 1, 3, 18, 20, 4, '09:00:00', '15:00:00'),
(89, 1, 5, 18, 20, 4, '09:00:00', '15:00:00'),
(90, 1, 6, 18, 20, 4, '09:00:00', '15:00:00'),
(91, 1, 1, 21, 22, 4, '15:00:00', '21:00:00'),
(92, 1, 2, 21, 22, 4, '15:00:00', '21:00:00'),
(93, 1, 3, 21, 22, 4, '15:00:00', '21:00:00'),
(94, 1, 5, 21, 22, 4, '15:00:00', '21:00:00'),
(95, 1, 6, 21, 22, 4, '15:00:00', '21:00:00'),
(96, 1, 1, 19, 20, 4, '21:00:00', '23:59:00'),
(97, 1, 2, 19, 20, 4, '21:00:00', '23:59:00'),
(98, 1, 3, 19, 20, 4, '21:00:00', '23:59:00'),
(99, 1, 5, 19, 20, 4, '21:00:00', '23:59:00'),
(100, 1, 6, 19, 20, 4, '21:00:00', '23:59:00'),
(101, 1, 1, 19, 20, 5, '00:00:00', '07:00:00'),
(102, 1, 2, 19, 20, 5, '00:00:00', '07:00:00'),
(103, 1, 3, 19, 20, 5, '00:00:00', '07:00:00'),
(104, 1, 5, 19, 20, 5, '00:00:00', '07:00:00'),
(105, 1, 6, 19, 20, 5, '00:00:00', '07:00:00'),
(106, 1, 1, 21, 22, 5, '07:00:00', '09:00:00'),
(107, 1, 2, 21, 22, 5, '07:00:00', '09:00:00'),
(108, 1, 3, 21, 22, 5, '07:00:00', '09:00:00'),
(109, 1, 5, 21, 22, 5, '07:00:00', '09:00:00'),
(110, 1, 6, 21, 22, 5, '07:00:00', '09:00:00'),
(111, 1, 1, 18, 20, 5, '09:00:00', '15:00:00'),
(112, 1, 2, 18, 20, 5, '09:00:00', '15:00:00'),
(113, 1, 3, 18, 20, 5, '09:00:00', '15:00:00'),
(114, 1, 5, 18, 20, 5, '09:00:00', '15:00:00'),
(115, 1, 6, 18, 20, 5, '09:00:00', '15:00:00'),
(116, 1, 1, 21, 22, 5, '15:00:00', '21:00:00'),
(117, 1, 2, 21, 22, 5, '15:00:00', '21:00:00'),
(118, 1, 3, 21, 22, 5, '15:00:00', '21:00:00'),
(119, 1, 5, 21, 22, 5, '15:00:00', '21:00:00'),
(120, 1, 6, 21, 22, 5, '15:00:00', '21:00:00'),
(121, 1, 1, 19, 20, 5, '21:00:00', '23:59:00'),
(122, 1, 2, 19, 20, 5, '21:00:00', '23:59:00'),
(123, 1, 3, 19, 20, 5, '21:00:00', '23:59:00'),
(124, 1, 5, 19, 20, 5, '21:00:00', '23:59:00'),
(125, 1, 6, 19, 20, 5, '21:00:00', '23:59:00'),
(126, 1, 1, 19, 20, 6, '00:00:00', '08:00:00'),
(127, 1, 1, 21, 22, 6, '08:00:00', '21:00:00'),
(128, 1, 1, 19, 20, 6, '21:00:00', '23:59:00'),
(129, 1, 1, 19, 20, 7, '00:00:00', '08:00:00'),
(130, 1, 1, 21, 22, 7, '08:00:00', '21:00:00'),
(131, 1, 1, 19, 20, 7, '21:00:00', '23:59:00'),
(132, 1, 2, 19, 20, 6, '00:00:00', '08:00:00'),
(133, 1, 2, 21, 22, 6, '08:00:00', '21:00:00'),
(134, 1, 2, 19, 20, 6, '21:00:00', '23:59:00'),
(135, 1, 2, 19, 20, 7, '00:00:00', '08:00:00'),
(136, 1, 2, 21, 22, 7, '08:00:00', '21:00:00'),
(137, 1, 2, 19, 20, 7, '21:00:00', '23:59:00'),
(138, 1, 3, 19, 20, 6, '00:00:00', '08:00:00'),
(139, 1, 3, 21, 22, 6, '08:00:00', '21:00:00'),
(140, 1, 3, 19, 20, 6, '21:00:00', '23:59:00'),
(141, 1, 3, 19, 20, 7, '00:00:00', '08:00:00'),
(142, 1, 3, 21, 22, 7, '08:00:00', '21:00:00'),
(143, 1, 3, 19, 20, 7, '21:00:00', '23:59:00'),
(144, 1, 5, 19, 20, 6, '00:00:00', '08:00:00'),
(145, 1, 5, 21, 22, 6, '08:00:00', '21:00:00'),
(146, 1, 5, 19, 20, 6, '21:00:00', '23:59:00'),
(147, 1, 5, 19, 20, 7, '00:00:00', '08:00:00'),
(148, 1, 5, 21, 22, 7, '08:00:00', '21:00:00'),
(149, 1, 5, 19, 20, 7, '21:00:00', '23:59:00'),
(150, 1, 6, 19, 20, 6, '00:00:00', '08:00:00'),
(151, 1, 6, 21, 22, 6, '08:00:00', '21:00:00'),
(152, 1, 6, 19, 20, 6, '21:00:00', '23:59:00'),
(153, 1, 6, 19, 20, 7, '00:00:00', '08:00:00'),
(154, 1, 6, 21, 22, 7, '08:00:00', '21:00:00'),
(155, 1, 6, 19, 20, 7, '21:00:00', '23:59:00'),
(156, 1, 4, 15, 27, 1, '00:00:00', '23:59:00'),
(157, 1, 4, 15, 27, 2, '00:00:00', '23:59:00'),
(158, 1, 4, 15, 27, 3, '00:00:00', '23:59:00'),
(159, 1, 4, 15, 27, 4, '00:00:00', '23:59:00'),
(160, 1, 4, 15, 27, 5, '00:00:00', '23:59:00'),
(161, 1, 4, 15, 27, 6, '00:00:00', '23:59:00'),
(162, 1, 4, 15, 27, 7, '00:00:00', '23:59:00');

-- --------------------------------------------------------

--
-- Tábla szerkezet ehhez a táblához `room_type`
--

CREATE TABLE IF NOT EXISTS `room_type` (
  `id` int(11) NOT NULL AUTO_INCREMENT,
  `code_name` varchar(32) COLLATE utf8_hungarian_ci NOT NULL,
  PRIMARY KEY (`id`)
) ENGINE=InnoDB AUTO_INCREMENT=7 DEFAULT CHARSET=utf8 COLLATE=utf8_hungarian_ci;

--
-- A tábla adatainak kiíratása `room_type`
--

INSERT INTO `room_type` (`id`, `code_name`) VALUES
(1, ' living_room'),
(2, ' bedroom'),
(3, 'hall'),
(4, 'garage'),
(5, 'kitchen'),
(6, 'bathroom');

-- --------------------------------------------------------

--
-- Tábla szerkezet ehhez a táblához `sensors_values`
--

CREATE TABLE IF NOT EXISTS `sensors_values` (
  `id` int(11) NOT NULL AUTO_INCREMENT,
  `value` float NOT NULL,
  `date_time` datetime NOT NULL,
  `room_type_id` int(11) NOT NULL,
  `sensor_type_id` int(11) NOT NULL,
  PRIMARY KEY (`id`),
  KEY `room_type_id` (`room_type_id`),
  KEY `sensor_type_id` (`sensor_type_id`)
) ENGINE=InnoDB AUTO_INCREMENT=5059 DEFAULT CHARSET=utf8 COLLATE=utf8_hungarian_ci;

--
-- A tábla adatainak kiíratása `sensors_values`
--

INSERT INTO `sensors_values` (`id`, `value`, `date_time`, `room_type_id`, `sensor_type_id`) VALUES
(1, 21.6, '2022-11-22 23:11:44', 1, 1),
(2, 21.4, '2022-11-22 23:11:44', 2, 1),
(3, 21.4, '2022-11-22 23:11:44', 3, 1),
(4, 21.6, '2022-11-22 23:11:44', 4, 1),
(5, 21.5, '2022-11-22 23:11:44', 5, 1),
(6, 21.5, '2022-11-22 23:11:44', 6, 1),
(7, 50.1, '2022-11-22 23:11:44', 1, 2),
(8, 49.9, '2022-11-22 23:11:44', 2, 2),
(9, 50.1, '2022-11-22 23:11:44', 4, 2),
(10, 50, '2022-11-22 23:11:44', 5, 2),
(11, 50, '2022-11-22 23:11:44', 3, 2),
(12, 50.1, '2022-11-22 23:11:44', 6, 2),
(13, 1045.1, '2022-11-22 23:11:44', 2, 3),
(14, 1044.9, '2022-11-22 23:11:44', 3, 3),
(15, 1044.9, '2022-11-22 23:11:44', 1, 3),
(16, 1045.1, '2022-11-22 23:11:44', 4, 3),
(17, 1045, '2022-11-22 23:11:44', 6, 3),
(18, 1045, '2022-11-22 23:11:44', 5, 3),
(19, 21.7, '2022-11-22 23:11:46', 1, 1),
(20, 21.4, '2022-11-22 23:11:46', 3, 1),
(21, 21.4, '2022-11-22 23:11:46', 2, 1),
(22, 21.6, '2022-11-22 23:11:46', 4, 1),
(23, 50.1, '2022-11-22 23:11:46', 1, 2),
(24, 21.4, '2022-11-22 23:11:46', 6, 1),
(25, 49.9, '2022-11-22 23:11:46', 2, 2),
(26, 21.4, '2022-11-22 23:11:46', 5, 1),
(27, 50.1, '2022-11-22 23:11:46', 3, 2),
(28, 50, '2022-11-22 23:11:46', 4, 2),
(29, 1045, '2022-11-22 23:11:46', 1, 3),
(30, 50, '2022-11-22 23:11:46', 6, 2),
(31, 50, '2022-11-22 23:11:46', 5, 2),
(32, 1045, '2022-11-22 23:11:46', 2, 3),
(33, 1044.9, '2022-11-22 23:11:46', 3, 3),
(34, 1044.9, '2022-11-22 23:11:46', 6, 3),
(35, 1045, '2022-11-22 23:11:47', 5, 3),
(36, 1045, '2022-11-22 23:11:47', 4, 3),
(37, 21.6, '2022-11-22 23:11:50', 1, 1),
(38, 21.3, '2022-11-22 23:11:50', 2, 1),
(39, 21.3, '2022-11-22 23:11:50', 5, 1),
(40, 21.6, '2022-11-22 23:11:50', 4, 1),
(41, 50, '2022-11-22 23:11:50', 1, 2),
(42, 21.3, '2022-11-22 23:11:50', 6, 1),
(43, 21.3, '2022-11-22 23:11:50', 3, 1),
(44, 50, '2022-11-22 23:11:50', 2, 2),
(45, 50.1, '2022-11-22 23:11:50', 5, 2),
(46, 50, '2022-11-22 23:11:50', 4, 2),
(47, 50, '2022-11-22 23:11:50', 3, 2),
(48, 50, '2022-11-22 23:11:50', 6, 2),
(49, 1045, '2022-11-22 23:11:50', 2, 3),
(50, 1044.8, '2022-11-22 23:11:50', 3, 3),
(51, 1045, '2022-11-22 23:11:50', 1, 3),
(52, 1045, '2022-11-22 23:11:50', 6, 3),
(53, 1044.9, '2022-11-22 23:11:50', 4, 3),
(54, 1044.9, '2022-11-22 23:11:50', 5, 3),
(55, 21.3, '2022-11-22 23:11:50', 3, 1),
(56, 21.2, '2022-11-22 23:11:50', 2, 1),
(57, 21.7, '2022-11-22 23:11:50', 4, 1),
(58, 21.3, '2022-11-22 23:11:51', 6, 1),
(59, 21.2, '2022-11-22 23:11:51', 5, 1),
(60, 21.5, '2022-11-22 23:11:51', 1, 1),
(61, 50.1, '2022-11-22 23:11:51', 1, 2),
(62, 50.1, '2022-11-22 23:11:51', 3, 2),
(63, 50, '2022-11-22 23:11:51', 2, 2),
(64, 50, '2022-11-22 23:11:51', 4, 2),
(65, 50, '2022-11-22 23:11:51', 5, 2),
(66, 1045.1, '2022-11-22 23:11:51', 1, 3),
(67, 1044.9, '2022-11-22 23:11:51', 2, 3),
(68, 49.9, '2022-11-22 23:11:51', 6, 2),
(69, 1044.9, '2022-11-22 23:11:51', 4, 3),
(70, 1044.8, '2022-11-22 23:11:51', 3, 3),
(71, 1044.9, '2022-11-22 23:11:51', 5, 3),
(72, 1045, '2022-11-22 23:11:51', 6, 3),
(73, 21.6, '2022-11-22 23:12:01', 1, 1),
(74, 21.1, '2022-11-22 23:12:01', 2, 1),
(75, 21.3, '2022-11-22 23:12:01', 3, 1),
(76, 21.2, '2022-11-22 23:12:01', 6, 1),
(77, 21.7, '2022-11-22 23:12:01', 4, 1),
(78, 50.1, '2022-11-22 23:12:01', 1, 2),
(79, 21.2, '2022-11-22 23:12:01', 5, 1),
(80, 49.9, '2022-11-22 23:12:01', 2, 2),
(81, 50.1, '2022-11-22 23:12:01', 3, 2),
(82, 49.9, '2022-11-22 23:12:01', 4, 2),
(83, 50, '2022-11-22 23:12:01', 6, 2),
(84, 50, '2022-11-22 23:12:01', 5, 2),
(85, 1045, '2022-11-22 23:12:01', 1, 3),
(86, 1044.9, '2022-11-22 23:12:01', 2, 3),
(87, 1044.9, '2022-11-22 23:12:01', 3, 3),
(88, 1045, '2022-11-22 23:12:01', 4, 3),
(89, 1044.9, '2022-11-22 23:12:01', 6, 3),
(90, 1045, '2022-11-22 23:12:01', 5, 3),
(91, 21.6, '2022-11-22 23:12:02', 1, 1),
(92, 21, '2022-11-22 23:12:02', 2, 1),
(93, 21.6, '2022-11-22 23:12:02', 4, 1),
(94, 21.4, '2022-11-22 23:12:02', 3, 1),
(95, 21.2, '2022-11-22 23:12:02', 6, 1),
(96, 49.8, '2022-11-22 23:12:02', 2, 2),
(97, 21.1, '2022-11-22 23:12:02', 5, 1),
(98, 49.9, '2022-11-22 23:12:02', 4, 2),
(99, 50.2, '2022-11-22 23:12:02', 3, 2),
(100, 50.1, '2022-11-22 23:12:02', 6, 2),
(101, 50.2, '2022-11-22 23:12:02', 1, 2),
(102, 50.1, '2022-11-22 23:12:02', 5, 2),
(103, 1045, '2022-11-22 23:12:02', 3, 3),
(104, 1045, '2022-11-22 23:12:02', 2, 3),
(105, 1045.1, '2022-11-22 23:12:02', 1, 3),
(106, 1044.9, '2022-11-22 23:12:02', 4, 3),
(107, 1045, '2022-11-22 23:12:02', 5, 3),
(108, 1045, '2022-11-22 23:12:02', 6, 3),
(109, 21.5, '2022-11-22 23:12:03', 1, 1),
(110, 21, '2022-11-22 23:12:03', 2, 1),
(111, 21.7, '2022-11-22 23:12:03', 4, 1),
(112, 21.4, '2022-11-22 23:12:03', 3, 1),
(113, 21.1, '2022-11-22 23:12:03', 5, 1),
(114, 21.3, '2022-11-22 23:12:03', 6, 1),
(115, 49.8, '2022-11-22 23:12:03', 2, 2),
(116, 50.3, '2022-11-22 23:12:03', 1, 2),
(117, 50.2, '2022-11-22 23:12:03', 3, 2),
(118, 50, '2022-11-22 23:12:03', 4, 2),
(119, 50.2, '2022-11-22 23:12:03', 5, 2),
(120, 50.2, '2022-11-22 23:12:03', 6, 2),
(121, 1045.1, '2022-11-22 23:12:03', 3, 3),
(122, 1044.9, '2022-11-22 23:12:03', 4, 3),
(123, 1044.9, '2022-11-22 23:12:03', 2, 3),
(124, 1045.1, '2022-11-22 23:12:03', 1, 3),
(125, 1045, '2022-11-22 23:12:03', 6, 3),
(126, 1045, '2022-11-22 23:12:03', 5, 3),
(127, 21.4, '2022-11-22 23:12:04', 1, 1),
(128, 20.9, '2022-11-22 23:12:04', 2, 1),
(129, 21.4, '2022-11-22 23:12:04', 3, 1),
(130, 21.6, '2022-11-22 23:12:04', 4, 1),
(131, 21, '2022-11-22 23:12:04', 5, 1),
(132, 21.4, '2022-11-22 23:12:04', 6, 1),
(133, 50.2, '2022-11-22 23:12:04', 1, 2),
(134, 49.9, '2022-11-22 23:12:04', 2, 2),
(135, 50.2, '2022-11-22 23:12:04', 3, 2),
(136, 50.1, '2022-11-22 23:12:04', 4, 2),
(137, 50.3, '2022-11-22 23:12:04', 6, 2),
(138, 1044.9, '2022-11-22 23:12:04', 2, 3),
(139, 1045.1, '2022-11-22 23:12:04', 1, 3),
(140, 1045.1, '2022-11-22 23:12:04', 3, 3),
(141, 50.3, '2022-11-22 23:12:04', 5, 2),
(142, 1044.9, '2022-11-22 23:12:04', 4, 3),
(143, 1045.1, '2022-11-22 23:12:04', 5, 3),
(144, 1045.1, '2022-11-22 23:12:04', 6, 3),
(145, 21, '2022-11-22 23:12:04', 2, 1),
(146, 21.3, '2022-11-22 23:12:04', 1, 1),
(147, 21.5, '2022-11-22 23:12:04', 3, 1),
(148, 21.3, '2022-11-22 23:12:04', 6, 1),
(149, 21.5, '2022-11-22 23:12:04', 4, 1),
(150, 21.1, '2022-11-22 23:12:04', 5, 1),
(151, 50.3, '2022-11-22 23:12:04', 1, 2),
(152, 49.9, '2022-11-22 23:12:04', 2, 2),
(153, 50.3, '2022-11-22 23:12:04', 5, 2),
(154, 50.3, '2022-11-22 23:12:04', 3, 2),
(155, 50.1, '2022-11-22 23:12:04', 4, 2),
(156, 50.3, '2022-11-22 23:12:04', 6, 2),
(157, 1045.1, '2022-11-22 23:12:04', 1, 3),
(158, 1044.8, '2022-11-22 23:12:04', 2, 3),
(159, 1044.9, '2022-11-22 23:12:04', 4, 3),
(160, 1045, '2022-11-22 23:12:04', 5, 3),
(161, 1045.2, '2022-11-22 23:12:04', 3, 3),
(162, 1045.1, '2022-11-22 23:12:04', 6, 3),
(163, 21.2, '2022-11-22 23:12:05', 1, 1),
(164, 20.9, '2022-11-22 23:12:05', 2, 1),
(165, 21.4, '2022-11-22 23:12:05', 3, 1),
(166, 21.6, '2022-11-22 23:12:05', 4, 1),
(167, 21.3, '2022-11-22 23:12:05', 6, 1),
(168, 50.3, '2022-11-22 23:12:05', 1, 2),
(169, 21.1, '2022-11-22 23:12:05', 5, 1),
(170, 50.4, '2022-11-22 23:12:05', 3, 2),
(171, 50.1, '2022-11-22 23:12:05', 4, 2),
(172, 49.9, '2022-11-22 23:12:05', 2, 2),
(173, 50.3, '2022-11-22 23:12:05', 5, 2),
(174, 50.2, '2022-11-22 23:12:05', 6, 2),
(175, 1044.8, '2022-11-22 23:12:05', 2, 3),
(176, 1045.1, '2022-11-22 23:12:05', 1, 3),
(177, 1045.2, '2022-11-22 23:12:05', 3, 3),
(178, 1045, '2022-11-22 23:12:05', 4, 3),
(179, 1044.9, '2022-11-22 23:12:05', 5, 3),
(180, 1045.2, '2022-11-22 23:12:05', 6, 3),
(181, 20.8, '2022-11-22 23:12:05', 2, 1),
(182, 21.3, '2022-11-22 23:12:05', 3, 1),
(183, 21.2, '2022-11-22 23:12:05', 1, 1),
(184, 21.6, '2022-11-22 23:12:05', 4, 1),
(185, 21.2, '2022-11-22 23:12:05', 5, 1),
(186, 21.2, '2022-11-22 23:12:05', 6, 1),
(187, 50.3, '2022-11-22 23:12:05', 1, 2),
(188, 49.8, '2022-11-22 23:12:05', 2, 2),
(189, 50.1, '2022-11-22 23:12:05', 4, 2),
(190, 50.3, '2022-11-22 23:12:05', 3, 2),
(191, 1044.9, '2022-11-22 23:12:05', 2, 3),
(192, 50.1, '2022-11-22 23:12:05', 6, 2),
(193, 50.2, '2022-11-22 23:12:05', 5, 2),
(194, 1045.1, '2022-11-22 23:12:05', 1, 3),
(195, 1045.3, '2022-11-22 23:12:05', 3, 3),
(196, 1045.1, '2022-11-22 23:12:05', 4, 3),
(197, 1044.8, '2022-11-22 23:12:05', 5, 3),
(198, 1045.3, '2022-11-22 23:12:05', 6, 3),
(199, 20.9, '2022-11-22 23:12:06', 2, 1),
(200, 21.2, '2022-11-22 23:12:06', 3, 1),
(201, 21.2, '2022-11-22 23:12:06', 1, 1),
(202, 21.6, '2022-11-22 23:12:06', 4, 1),
(203, 21.2, '2022-11-22 23:12:06', 5, 1),
(204, 49.9, '2022-11-22 23:12:06', 2, 2),
(205, 50.4, '2022-11-22 23:12:06', 3, 2),
(206, 50.2, '2022-11-22 23:12:06', 4, 2),
(207, 21.2, '2022-11-22 23:12:06', 6, 1),
(208, 50.3, '2022-11-22 23:12:06', 1, 2),
(209, 50.2, '2022-11-22 23:12:06', 5, 2),
(210, 1045, '2022-11-22 23:12:06', 1, 3),
(211, 50.2, '2022-11-22 23:12:06', 6, 2),
(212, 1044.9, '2022-11-22 23:12:06', 2, 3),
(213, 1045, '2022-11-22 23:12:06', 4, 3),
(214, 1044.9, '2022-11-22 23:12:06', 5, 3),
(215, 1045.4, '2022-11-22 23:12:06', 6, 3),
(216, 1045.4, '2022-11-22 23:12:06', 3, 3),
(217, 21.2, '2022-11-22 23:12:06', 1, 1),
(218, 21.1, '2022-11-22 23:12:06', 3, 1),
(219, 20.9, '2022-11-22 23:12:06', 2, 1),
(220, 21.5, '2022-11-22 23:12:06', 4, 1),
(221, 21.1, '2022-11-22 23:12:06', 5, 1),
(222, 50.4, '2022-11-22 23:12:06', 1, 2),
(223, 21.3, '2022-11-22 23:12:06', 6, 1),
(224, 49.9, '2022-11-22 23:12:06', 2, 2),
(225, 50.1, '2022-11-22 23:12:06', 6, 2),
(226, 50.3, '2022-11-22 23:12:06', 5, 2),
(227, 50.5, '2022-11-22 23:12:06', 3, 2),
(228, 50.2, '2022-11-22 23:12:06', 4, 2),
(229, 1044.8, '2022-11-22 23:12:06', 2, 3),
(230, 1045.4, '2022-11-22 23:12:06', 3, 3),
(231, 1045, '2022-11-22 23:12:06', 5, 3),
(232, 1045, '2022-11-22 23:12:06', 1, 3),
(233, 1045.1, '2022-11-22 23:12:06', 4, 3),
(234, 1045.5, '2022-11-22 23:12:06', 6, 3),
(235, 21.1, '2022-11-22 23:12:07', 3, 1),
(236, 21.2, '2022-11-22 23:12:07', 1, 1),
(237, 20.9, '2022-11-22 23:12:07', 2, 1),
(238, 21.6, '2022-11-22 23:12:07', 4, 1),
(239, 21.1, '2022-11-22 23:12:07', 5, 1),
(240, 21.3, '2022-11-22 23:12:07', 6, 1),
(241, 50.4, '2022-11-22 23:12:07', 1, 2),
(242, 50, '2022-11-22 23:12:07', 2, 2),
(243, 50.6, '2022-11-22 23:12:07', 3, 2),
(244, 50.2, '2022-11-22 23:12:07', 6, 2),
(245, 50.3, '2022-11-22 23:12:07', 4, 2),
(246, 50.3, '2022-11-22 23:12:07', 5, 2),
(247, 1044.8, '2022-11-22 23:12:07', 2, 3),
(248, 1045, '2022-11-22 23:12:07', 1, 3),
(249, 1045.5, '2022-11-22 23:12:07', 3, 3),
(250, 1045.1, '2022-11-22 23:12:07', 5, 3),
(251, 1045.1, '2022-11-22 23:12:07', 4, 3),
(252, 1045.4, '2022-11-22 23:12:07', 6, 3),
(253, 21.1, '2022-11-22 23:12:09', 1, 1),
(254, 21.6, '2022-11-22 23:12:09', 4, 1),
(255, 21.2, '2022-11-22 23:12:09', 3, 1),
(256, 21, '2022-11-22 23:12:09', 5, 1),
(257, 21.2, '2022-11-22 23:12:09', 6, 1),
(258, 20.8, '2022-11-22 23:12:09', 2, 1),
(259, 50.1, '2022-11-22 23:12:09', 2, 2),
(260, 50.7, '2022-11-22 23:12:09', 3, 2),
(261, 50.5, '2022-11-22 23:12:09', 1, 2),
(262, 50.2, '2022-11-22 23:12:09', 4, 2),
(263, 50.2, '2022-11-22 23:12:09', 5, 2),
(264, 50.3, '2022-11-22 23:12:09', 6, 2),
(265, 1044.9, '2022-11-22 23:12:09', 1, 3),
(266, 1044.8, '2022-11-22 23:12:09', 2, 3),
(267, 1045.6, '2022-11-22 23:12:09', 3, 3),
(268, 1045, '2022-11-22 23:12:09', 4, 3),
(269, 1045.2, '2022-11-22 23:12:09', 5, 3),
(270, 1045.5, '2022-11-22 23:12:09', 6, 3),
(271, 21.1, '2022-11-22 23:12:13', 1, 1),
(272, 20.7, '2022-11-22 23:12:13', 2, 1),
(273, 21.1, '2022-11-22 23:12:13', 3, 1),
(274, 21.7, '2022-11-22 23:12:13', 4, 1),
(275, 21.1, '2022-11-22 23:12:13', 6, 1),
(276, 20.9, '2022-11-22 23:12:13', 5, 1),
(277, 50.6, '2022-11-22 23:12:13', 1, 2),
(278, 50.6, '2022-11-22 23:12:13', 3, 2),
(279, 50.2, '2022-11-22 23:12:13', 4, 2),
(280, 50.3, '2022-11-22 23:12:13', 6, 2),
(281, 1044.9, '2022-11-22 23:12:13', 1, 3),
(282, 50.1, '2022-11-22 23:12:13', 5, 2),
(283, 50.1, '2022-11-22 23:12:13', 2, 2),
(284, 1045.5, '2022-11-22 23:12:13', 3, 3),
(285, 1045.1, '2022-11-22 23:12:13', 5, 3),
(286, 1044.8, '2022-11-22 23:12:13', 2, 3),
(287, 1045.4, '2022-11-22 23:12:13', 6, 3),
(288, 1045, '2022-11-22 23:12:13', 4, 3),
(289, 20.7, '2022-11-22 23:12:14', 2, 1),
(290, 21.1, '2022-11-22 23:12:14', 1, 1),
(291, 21.8, '2022-11-22 23:12:14', 4, 1),
(292, 21.1, '2022-11-22 23:12:14', 3, 1),
(293, 21, '2022-11-22 23:12:14', 6, 1),
(294, 50.6, '2022-11-22 23:12:14', 1, 2),
(295, 50.7, '2022-11-22 23:12:14', 3, 2),
(296, 20.8, '2022-11-22 23:12:14', 5, 1),
(297, 50.2, '2022-11-22 23:12:14', 2, 2),
(298, 50.1, '2022-11-22 23:12:14', 5, 2),
(299, 50.2, '2022-11-22 23:12:14', 4, 2),
(300, 1044.8, '2022-11-22 23:12:14', 2, 3),
(301, 1044.8, '2022-11-22 23:12:14', 1, 3),
(302, 1045.4, '2022-11-22 23:12:14', 3, 3),
(303, 1045.2, '2022-11-22 23:12:14', 5, 3),
(304, 1044.9, '2022-11-22 23:12:14', 4, 3),
(305, 50.2, '2022-11-22 23:12:14', 6, 2),
(306, 1045.3, '2022-11-22 23:12:14', 6, 3),
(307, 21, '2022-11-22 23:12:15', 3, 1),
(308, 21, '2022-11-22 23:12:15', 1, 1),
(309, 20.7, '2022-11-22 23:12:15', 2, 1),
(310, 21.8, '2022-11-22 23:12:15', 4, 1),
(311, 20.7, '2022-11-22 23:12:15', 5, 1),
(312, 21, '2022-11-22 23:12:15', 6, 1),
(313, 50.1, '2022-11-22 23:12:15', 2, 2),
(314, 50.6, '2022-11-22 23:12:15', 1, 2),
(315, 50.8, '2022-11-22 23:12:15', 3, 2),
(316, 50.1, '2022-11-22 23:12:15', 4, 2),
(317, 50, '2022-11-22 23:12:15', 5, 2),
(318, 1045.3, '2022-11-22 23:12:15', 3, 3),
(319, 1044.7, '2022-11-22 23:12:15', 2, 3),
(320, 50.2, '2022-11-22 23:12:15', 6, 2),
(321, 1044.7, '2022-11-22 23:12:15', 1, 3),
(322, 1045, '2022-11-22 23:12:15', 4, 3),
(323, 1045.2, '2022-11-22 23:12:15', 5, 3),
(324, 1045.4, '2022-11-22 23:12:15', 6, 3),
(325, 20.9, '2022-11-22 23:12:17', 1, 1),
(326, 21.9, '2022-11-22 23:12:17', 4, 1),
(327, 20.7, '2022-11-22 23:12:17', 2, 1),
(328, 20.9, '2022-11-22 23:12:17', 3, 1),
(329, 20.6, '2022-11-22 23:12:17', 5, 1),
(330, 50.1, '2022-11-22 23:12:17', 2, 2),
(331, 20.9, '2022-11-22 23:12:17', 6, 1),
(332, 50.5, '2022-11-22 23:12:17', 1, 2),
(333, 50.1, '2022-11-22 23:12:17', 4, 2),
(334, 50.1, '2022-11-22 23:12:17', 5, 2),
(335, 50.8, '2022-11-22 23:12:17', 3, 2),
(336, 50.1, '2022-11-22 23:12:17', 6, 2),
(337, 1044.8, '2022-11-22 23:12:17', 1, 3),
(338, 1044.7, '2022-11-22 23:12:17', 2, 3),
(339, 1045.4, '2022-11-22 23:12:17', 3, 3),
(340, 1045.1, '2022-11-22 23:12:17', 4, 3),
(341, 1045.4, '2022-11-22 23:12:17', 6, 3),
(342, 1045.2, '2022-11-22 23:12:17', 5, 3),
(343, 20.8, '2022-11-22 23:12:18', 1, 1),
(344, 20.9, '2022-11-22 23:12:18', 3, 1),
(345, 20.7, '2022-11-22 23:12:18', 2, 1),
(346, 20.5, '2022-11-22 23:12:18', 5, 1),
(347, 22, '2022-11-22 23:12:18', 4, 1),
(348, 50.5, '2022-11-22 23:12:18', 1, 2),
(349, 20.8, '2022-11-22 23:12:18', 6, 1),
(350, 50.9, '2022-11-22 23:12:18', 3, 2),
(351, 50.1, '2022-11-22 23:12:18', 2, 2),
(352, 50.1, '2022-11-22 23:12:18', 4, 2),
(353, 50.2, '2022-11-22 23:12:18', 5, 2),
(354, 1044.9, '2022-11-22 23:12:18', 1, 3),
(355, 1044.8, '2022-11-22 23:12:18', 2, 3),
(356, 50.1, '2022-11-22 23:12:18', 6, 2),
(357, 1045.3, '2022-11-22 23:12:18', 3, 3),
(358, 1045.2, '2022-11-22 23:12:18', 4, 3),
(359, 1045.3, '2022-11-22 23:12:18', 5, 3),
(360, 1045.3, '2022-11-22 23:12:18', 6, 3),
(361, 20.8, '2022-11-22 23:12:19', 1, 1),
(362, 20.9, '2022-11-22 23:12:19', 3, 1),
(363, 20.6, '2022-11-22 23:12:19', 5, 1),
(364, 21.9, '2022-11-22 23:12:19', 4, 1),
(365, 20.8, '2022-11-22 23:12:19', 2, 1),
(366, 50.4, '2022-11-22 23:12:19', 1, 2),
(367, 20.8, '2022-11-22 23:12:19', 6, 1),
(368, 50.1, '2022-11-22 23:12:19', 2, 2),
(369, 50.8, '2022-11-22 23:12:19', 3, 2),
(370, 50.2, '2022-11-22 23:12:19', 4, 2),
(371, 50.3, '2022-11-22 23:12:19', 5, 2),
(372, 1045, '2022-11-22 23:12:19', 1, 3),
(373, 1044.9, '2022-11-22 23:12:19', 2, 3),
(374, 1045.4, '2022-11-22 23:12:19', 3, 3),
(375, 50.2, '2022-11-22 23:12:19', 6, 2),
(376, 1045.4, '2022-11-22 23:12:19', 5, 3),
(377, 1045.4, '2022-11-22 23:12:19', 6, 3),
(378, 1045.1, '2022-11-22 23:12:19', 4, 3),
(379, 20.8, '2022-11-22 23:12:19', 3, 1),
(380, 20.8, '2022-11-22 23:12:19', 2, 1),
(381, 20.7, '2022-11-22 23:12:19', 1, 1),
(382, 20.6, '2022-11-22 23:12:19', 5, 1),
(383, 21.8, '2022-11-22 23:12:19', 4, 1),
(384, 20.7, '2022-11-22 23:12:19', 6, 1),
(385, 50.2, '2022-11-22 23:12:19', 2, 2),
(386, 50.5, '2022-11-22 23:12:19', 1, 2),
(387, 50.9, '2022-11-22 23:12:19', 3, 2),
(388, 50.3, '2022-11-22 23:12:19', 5, 2),
(389, 50.1, '2022-11-22 23:12:19', 6, 2),
(390, 50.1, '2022-11-22 23:12:19', 4, 2),
(391, 1044.9, '2022-11-22 23:12:19', 2, 3),
(392, 1045.5, '2022-11-22 23:12:19', 5, 3),
(393, 1045.4, '2022-11-22 23:12:19', 6, 3),
(394, 1045.1, '2022-11-22 23:12:19', 4, 3),
(395, 1044.9, '2022-11-22 23:12:19', 1, 3),
(396, 1045.3, '2022-11-22 23:12:19', 3, 3),
(397, 20.8, '2022-11-22 23:12:20', 2, 1),
(398, 21.8, '2022-11-22 23:12:20', 4, 1),
(399, 20.9, '2022-11-22 23:12:20', 3, 1),
(400, 20.8, '2022-11-22 23:12:20', 1, 1),
(401, 50.2, '2022-11-22 23:12:20', 2, 2),
(402, 50.4, '2022-11-22 23:12:20', 1, 2),
(403, 20.5, '2022-11-22 23:12:20', 5, 1),
(404, 51, '2022-11-22 23:12:20', 3, 2),
(405, 20.8, '2022-11-22 23:12:20', 6, 1),
(406, 50.3, '2022-11-22 23:12:20', 5, 2),
(407, 50.1, '2022-11-22 23:12:20', 4, 2),
(408, 50.2, '2022-11-22 23:12:20', 6, 2),
(409, 1045, '2022-11-22 23:12:20', 1, 3),
(410, 1045.4, '2022-11-22 23:12:20', 3, 3),
(411, 1045.2, '2022-11-22 23:12:20', 4, 3),
(412, 1044.8, '2022-11-22 23:12:20', 2, 3),
(413, 1045.5, '2022-11-22 23:12:20', 6, 3),
(414, 1045.6, '2022-11-22 23:12:20', 5, 3),
(415, 20.7, '2022-11-22 23:12:20', 1, 1),
(416, 20.8, '2022-11-22 23:12:20', 3, 1),
(417, 20.8, '2022-11-22 23:12:20', 2, 1),
(418, 21.7, '2022-11-22 23:12:20', 4, 1),
(419, 20.4, '2022-11-22 23:12:20', 5, 1),
(420, 50.3, '2022-11-22 23:12:20', 1, 2),
(421, 20.7, '2022-11-22 23:12:20', 6, 1),
(422, 50.1, '2022-11-22 23:12:20', 2, 2),
(423, 51.1, '2022-11-22 23:12:20', 3, 2),
(424, 50.2, '2022-11-22 23:12:20', 4, 2),
(425, 50.2, '2022-11-22 23:12:20', 6, 2),
(426, 50.2, '2022-11-22 23:12:20', 5, 2),
(427, 1044.7, '2022-11-22 23:12:20', 2, 3),
(428, 1045.4, '2022-11-22 23:12:20', 3, 3),
(429, 1045.1, '2022-11-22 23:12:20', 4, 3),
(430, 1045.7, '2022-11-22 23:12:20', 5, 3),
(431, 1045.1, '2022-11-22 23:12:20', 1, 3),
(432, 1045.4, '2022-11-22 23:12:20', 6, 3),
(433, 20.9, '2022-11-22 23:12:21', 2, 1),
(434, 20.6, '2022-11-22 23:12:21', 1, 1),
(435, 21.6, '2022-11-22 23:12:21', 4, 1),
(436, 20.7, '2022-11-22 23:12:21', 6, 1),
(437, 20.5, '2022-11-22 23:12:21', 5, 1),
(438, 20.7, '2022-11-22 23:12:21', 3, 1),
(439, 50.1, '2022-11-22 23:12:21', 2, 2),
(440, 50.4, '2022-11-22 23:12:21', 1, 2),
(441, 51, '2022-11-22 23:12:21', 3, 2),
(442, 50.3, '2022-11-22 23:12:21', 4, 2),
(443, 50.3, '2022-11-22 23:12:21', 6, 2),
(444, 50.2, '2022-11-22 23:12:21', 5, 2),
(445, 1045.2, '2022-11-22 23:12:21', 1, 3),
(446, 1045.5, '2022-11-22 23:12:21', 3, 3),
(447, 1045.2, '2022-11-22 23:12:21', 4, 3),
(448, 1044.8, '2022-11-22 23:12:21', 2, 3),
(449, 1045.6, '2022-11-22 23:12:21', 5, 3),
(450, 1045.4, '2022-11-22 23:12:21', 6, 3),
(451, 20.9, '2022-11-22 23:12:22', 2, 1),
(452, 20.7, '2022-11-22 23:12:22', 3, 1),
(453, 21.6, '2022-11-22 23:12:22', 4, 1),
(454, 20.6, '2022-11-22 23:12:22', 1, 1),
(455, 20.7, '2022-11-22 23:12:22', 6, 1),
(456, 50, '2022-11-22 23:12:22', 2, 2),
(457, 20.6, '2022-11-22 23:12:22', 5, 1),
(458, 50.9, '2022-11-22 23:12:22', 3, 2),
(459, 50.1, '2022-11-22 23:12:22', 5, 2),
(460, 50.3, '2022-11-22 23:12:22', 4, 2),
(461, 50.5, '2022-11-22 23:12:22', 1, 2),
(462, 50.3, '2022-11-22 23:12:22', 6, 2),
(463, 1044.7, '2022-11-22 23:12:22', 2, 3),
(464, 1045.2, '2022-11-22 23:12:22', 4, 3),
(465, 1045.1, '2022-11-22 23:12:22', 1, 3),
(466, 1045.6, '2022-11-22 23:12:22', 3, 3),
(467, 1045.4, '2022-11-22 23:12:22', 6, 3),
(468, 1045.7, '2022-11-22 23:12:22', 5, 3),
(469, 20.8, '2022-11-22 23:12:22', 2, 1),
(470, 20.7, '2022-11-22 23:12:22', 3, 1),
(471, 20.6, '2022-11-22 23:12:22', 1, 1),
(472, 20.7, '2022-11-22 23:12:22', 6, 1),
(473, 20.6, '2022-11-22 23:12:22', 5, 1),
(474, 50.5, '2022-11-22 23:12:22', 1, 2),
(475, 21.6, '2022-11-22 23:12:22', 4, 1),
(476, 49.9, '2022-11-22 23:12:22', 2, 2),
(477, 50.9, '2022-11-22 23:12:22', 3, 2),
(478, 50.4, '2022-11-22 23:12:22', 4, 2),
(479, 50.1, '2022-11-22 23:12:22', 5, 2),
(480, 50.3, '2022-11-22 23:12:22', 6, 2),
(481, 1044.6, '2022-11-22 23:12:22', 2, 3),
(482, 1045, '2022-11-22 23:12:22', 1, 3),
(483, 1045.8, '2022-11-22 23:12:22', 5, 3),
(484, 1045.7, '2022-11-22 23:12:22', 3, 3),
(485, 1045.1, '2022-11-22 23:12:22', 4, 3),
(486, 1045.4, '2022-11-22 23:12:22', 6, 3),
(487, 20.5, '2022-11-22 23:12:23', 1, 1),
(488, 20.9, '2022-11-22 23:12:23', 2, 1),
(489, 20.8, '2022-11-22 23:12:23', 3, 1),
(490, 21.5, '2022-11-22 23:12:23', 4, 1),
(491, 20.5, '2022-11-22 23:12:23', 5, 1),
(492, 50.4, '2022-11-22 23:12:23', 1, 2),
(493, 50.8, '2022-11-22 23:12:23', 3, 2),
(494, 50, '2022-11-22 23:12:23', 2, 2),
(495, 20.6, '2022-11-22 23:12:23', 6, 1),
(496, 50.1, '2022-11-22 23:12:23', 5, 2),
(497, 50.3, '2022-11-22 23:12:23', 4, 2),
(498, 50.2, '2022-11-22 23:12:23', 6, 2),
(499, 1044.5, '2022-11-22 23:12:23', 2, 3),
(500, 1045.6, '2022-11-22 23:12:23', 3, 3),
(501, 1045, '2022-11-22 23:12:23', 4, 3),
(502, 1045.7, '2022-11-22 23:12:23', 5, 3),
(503, 1045, '2022-11-22 23:12:23', 1, 3),
(504, 1045.5, '2022-11-22 23:12:23', 6, 3),
(505, 20.5, '2022-11-22 23:12:24', 1, 1),
(506, 21.4, '2022-11-22 23:12:24', 4, 1),
(507, 20.7, '2022-11-22 23:12:24', 3, 1),
(508, 20.9, '2022-11-22 23:12:24', 2, 1),
(509, 20.4, '2022-11-22 23:12:24', 5, 1),
(510, 20.6, '2022-11-22 23:12:24', 6, 1),
(511, 50.5, '2022-11-22 23:12:24', 1, 2),
(512, 50, '2022-11-22 23:12:24', 2, 2),
(513, 50.4, '2022-11-22 23:12:24', 4, 2),
(514, 50.7, '2022-11-22 23:12:24', 3, 2),
(515, 50.1, '2022-11-22 23:12:24', 5, 2),
(516, 1044.9, '2022-11-22 23:12:24', 1, 3),
(517, 50.2, '2022-11-22 23:12:24', 6, 2),
(518, 1045.6, '2022-11-22 23:12:24', 3, 3),
(519, 1045.8, '2022-11-22 23:12:24', 5, 3),
(520, 1044.4, '2022-11-22 23:12:24', 2, 3),
(521, 1044.9, '2022-11-22 23:12:24', 4, 3),
(522, 1045.6, '2022-11-22 23:12:24', 6, 3),
(523, 20.4, '2022-11-22 23:12:24', 1, 1),
(524, 20.6, '2022-11-22 23:12:24', 3, 1),
(525, 20.9, '2022-11-22 23:12:24', 2, 1),
(526, 21.5, '2022-11-22 23:12:24', 4, 1),
(527, 20.5, '2022-11-22 23:12:24', 6, 1),
(528, 20.3, '2022-11-22 23:12:24', 5, 1),
(529, 50.4, '2022-11-22 23:12:24', 1, 2),
(530, 50.1, '2022-11-22 23:12:24', 2, 2),
(531, 50.7, '2022-11-22 23:12:24', 3, 2),
(532, 50, '2022-11-22 23:12:24', 5, 2),
(533, 50.3, '2022-11-22 23:12:24', 4, 2),
(534, 1044.3, '2022-11-22 23:12:24', 2, 3),
(535, 1044.8, '2022-11-22 23:12:24', 1, 3),
(536, 50.3, '2022-11-22 23:12:24', 6, 2),
(537, 1045.7, '2022-11-22 23:12:24', 3, 3),
(538, 1045.9, '2022-11-22 23:12:24', 5, 3),
(539, 1044.9, '2022-11-22 23:12:24', 4, 3),
(540, 1045.6, '2022-11-22 23:12:24', 6, 3),
(541, 20.5, '2022-11-22 23:12:25', 1, 1),
(542, 20.6, '2022-11-22 23:12:25', 3, 1),
(543, 21.4, '2022-11-22 23:12:25', 4, 1),
(544, 21, '2022-11-22 23:12:25', 2, 1),
(545, 20.2, '2022-11-22 23:12:25', 5, 1),
(546, 50.5, '2022-11-22 23:12:25', 1, 2),
(547, 20.4, '2022-11-22 23:12:25', 6, 1),
(548, 50.6, '2022-11-22 23:12:25', 3, 2),
(549, 50.1, '2022-11-22 23:12:25', 2, 2),
(550, 50.4, '2022-11-22 23:12:25', 4, 2),
(551, 50.4, '2022-11-22 23:12:25', 6, 2),
(552, 1044.8, '2022-11-22 23:12:25', 1, 3),
(553, 50.1, '2022-11-22 23:12:25', 5, 2),
(554, 1044.8, '2022-11-22 23:12:25', 4, 3),
(555, 1044.3, '2022-11-22 23:12:25', 2, 3),
(556, 1045.8, '2022-11-22 23:12:25', 3, 3),
(557, 1046, '2022-11-22 23:12:25', 5, 3),
(558, 1045.6, '2022-11-22 23:12:25', 6, 3),
(559, 20.4, '2022-11-22 23:12:33', 1, 1),
(560, 20.9, '2022-11-22 23:12:33', 2, 1),
(561, 20.6, '2022-11-22 23:12:33', 3, 1),
(562, 20.3, '2022-11-22 23:12:33', 6, 1),
(563, 20.1, '2022-11-22 23:12:33', 5, 1),
(564, 50, '2022-11-22 23:12:33', 2, 2),
(565, 50.5, '2022-11-22 23:12:33', 3, 2),
(566, 21.3, '2022-11-22 23:12:33', 4, 1),
(567, 50.3, '2022-11-22 23:12:33', 4, 2),
(568, 50.6, '2022-11-22 23:12:33', 1, 2),
(569, 50, '2022-11-22 23:12:33', 5, 2),
(570, 1044.7, '2022-11-22 23:12:33', 1, 3),
(571, 1044.4, '2022-11-22 23:12:33', 2, 3),
(572, 50.3, '2022-11-22 23:12:33', 6, 2),
(573, 1045.8, '2022-11-22 23:12:33', 3, 3),
(574, 1044.8, '2022-11-22 23:12:33', 4, 3),
(575, 1045.7, '2022-11-22 23:12:33', 6, 3),
(576, 1045.9, '2022-11-22 23:12:33', 5, 3),
(577, 20.4, '2022-11-22 23:12:34', 1, 1),
(578, 20.9, '2022-11-22 23:12:34', 2, 1),
(579, 20.6, '2022-11-22 23:12:34', 3, 1),
(580, 20, '2022-11-22 23:12:34', 5, 1),
(581, 21.4, '2022-11-22 23:12:34', 4, 1),
(582, 20.2, '2022-11-22 23:12:34', 6, 1),
(583, 49.9, '2022-11-22 23:12:34', 2, 2),
(584, 50.5, '2022-11-22 23:12:34', 1, 2),
(585, 50.5, '2022-11-22 23:12:34', 3, 2),
(586, 50, '2022-11-22 23:12:34', 5, 2),
(587, 50.2, '2022-11-22 23:12:34', 6, 2),
(588, 50.4, '2022-11-22 23:12:34', 4, 2),
(589, 1044.7, '2022-11-22 23:12:34', 1, 3),
(590, 1045.9, '2022-11-22 23:12:34', 3, 3),
(591, 1044.4, '2022-11-22 23:12:34', 2, 3),
(592, 1046, '2022-11-22 23:12:34', 5, 3),
(593, 1044.7, '2022-11-22 23:12:34', 4, 3),
(594, 1045.7, '2022-11-22 23:12:34', 6, 3),
(595, 20.4, '2022-11-22 23:12:34', 1, 1),
(596, 20.8, '2022-11-22 23:12:34', 2, 1),
(597, 20.5, '2022-11-22 23:12:34', 3, 1),
(598, 21.5, '2022-11-22 23:12:34', 4, 1),
(599, 20.2, '2022-11-22 23:12:34', 6, 1),
(600, 50.5, '2022-11-22 23:12:34', 1, 2),
(601, 49.8, '2022-11-22 23:12:34', 2, 2),
(602, 50.4, '2022-11-22 23:12:34', 4, 2),
(603, 50.6, '2022-11-22 23:12:34', 3, 2),
(604, 19.9, '2022-11-22 23:12:34', 5, 1),
(605, 50.2, '2022-11-22 23:12:34', 6, 2),
(606, 1044.7, '2022-11-22 23:12:34', 1, 3),
(607, 50, '2022-11-22 23:12:34', 5, 2),
(608, 1046, '2022-11-22 23:12:34', 3, 3),
(609, 1044.4, '2022-11-22 23:12:34', 2, 3),
(610, 1044.6, '2022-11-22 23:12:34', 4, 3),
(611, 1045.6, '2022-11-22 23:12:34', 6, 3),
(612, 1046.1, '2022-11-22 23:12:34', 5, 3),
(613, 20.5, '2022-11-22 23:12:35', 1, 1),
(614, 20.7, '2022-11-22 23:12:35', 2, 1),
(615, 20.5, '2022-11-22 23:12:35', 3, 1),
(616, 21.6, '2022-11-22 23:12:35', 4, 1),
(617, 20.1, '2022-11-22 23:12:35', 6, 1),
(618, 50.6, '2022-11-22 23:12:35', 1, 2),
(619, 19.8, '2022-11-22 23:12:35', 5, 1),
(620, 49.8, '2022-11-22 23:12:35', 2, 2),
(621, 50.3, '2022-11-22 23:12:35', 4, 2),
(622, 50.7, '2022-11-22 23:12:35', 3, 2),
(623, 50.2, '2022-11-22 23:12:35', 6, 2),
(624, 1044.8, '2022-11-22 23:12:35', 1, 3),
(625, 49.9, '2022-11-22 23:12:35', 5, 2),
(626, 1044.4, '2022-11-22 23:12:35', 2, 3),
(627, 1044.5, '2022-11-22 23:12:35', 4, 3),
(628, 1046.1, '2022-11-22 23:12:35', 3, 3),
(629, 1046.2, '2022-11-22 23:12:35', 5, 3),
(630, 1045.5, '2022-11-22 23:12:35', 6, 3),
(631, 20.7, '2022-11-22 23:12:36', 2, 1),
(632, 20.5, '2022-11-22 23:12:36', 3, 1),
(633, 19.7, '2022-11-22 23:12:36', 5, 1),
(634, 20, '2022-11-22 23:12:36', 6, 1),
(635, 20.6, '2022-11-22 23:12:36', 1, 1),
(636, 49.7, '2022-11-22 23:12:36', 2, 2),
(637, 50.5, '2022-11-22 23:12:36', 1, 2),
(638, 21.6, '2022-11-22 23:12:36', 4, 1),
(639, 50.7, '2022-11-22 23:12:36', 3, 2),
(640, 50.3, '2022-11-22 23:12:36', 4, 2),
(641, 49.9, '2022-11-22 23:12:36', 5, 2),
(642, 50.3, '2022-11-22 23:12:36', 6, 2),
(643, 1046.1, '2022-11-22 23:12:36', 3, 3),
(644, 1046.2, '2022-11-22 23:12:36', 5, 3),
(645, 1044.8, '2022-11-22 23:12:36', 1, 3),
(646, 1044.4, '2022-11-22 23:12:36', 2, 3),
(647, 1045.6, '2022-11-22 23:12:36', 6, 3),
(648, 1044.5, '2022-11-22 23:12:36', 4, 3),
(649, 20.7, '2022-11-22 23:12:36', 2, 1),
(650, 20.5, '2022-11-22 23:12:36', 1, 1),
(651, 20, '2022-11-22 23:12:36', 6, 1),
(652, 19.8, '2022-11-22 23:12:36', 5, 1),
(653, 20.5, '2022-11-22 23:12:36', 3, 1),
(654, 21.5, '2022-11-22 23:12:36', 4, 1),
(655, 50.6, '2022-11-22 23:12:36', 1, 2),
(656, 49.6, '2022-11-22 23:12:36', 2, 2),
(657, 50.6, '2022-11-22 23:12:36', 3, 2),
(658, 49.8, '2022-11-22 23:12:36', 5, 2),
(659, 50.2, '2022-11-22 23:12:36', 6, 2),
(660, 50.4, '2022-11-22 23:12:36', 4, 2),
(661, 1044.4, '2022-11-22 23:12:36', 2, 3),
(662, 1046.2, '2022-11-22 23:12:36', 3, 3),
(663, 1046.2, '2022-11-22 23:12:36', 5, 3),
(664, 1044.7, '2022-11-22 23:12:36', 1, 3),
(665, 1044.4, '2022-11-22 23:12:36', 4, 3),
(666, 1045.5, '2022-11-22 23:12:36', 6, 3),
(667, 20.4, '2022-11-22 23:12:37', 1, 1),
(668, 20.7, '2022-11-22 23:12:37', 2, 1),
(669, 20.5, '2022-11-22 23:12:37', 3, 1),
(670, 21.5, '2022-11-22 23:12:37', 4, 1),
(671, 19.8, '2022-11-22 23:12:37', 5, 1),
(672, 50.7, '2022-11-22 23:12:37', 1, 2),
(673, 20, '2022-11-22 23:12:37', 6, 1),
(674, 50.6, '2022-11-22 23:12:37', 3, 2),
(675, 49.6, '2022-11-22 23:12:37', 2, 2),
(676, 50.5, '2022-11-22 23:12:37', 4, 2),
(677, 49.9, '2022-11-22 23:12:37', 5, 2),
(678, 1044.6, '2022-11-22 23:12:37', 1, 3),
(679, 50.1, '2022-11-22 23:12:37', 6, 2),
(680, 1046.3, '2022-11-22 23:12:37', 3, 3),
(681, 1044.5, '2022-11-22 23:12:37', 4, 3),
(682, 1044.5, '2022-11-22 23:12:37', 2, 3),
(683, 1046.1, '2022-11-22 23:12:37', 5, 3),
(684, 1045.4, '2022-11-22 23:12:37', 6, 3),
(685, 20.4, '2022-11-22 23:12:38', 1, 1),
(686, 21.6, '2022-11-22 23:12:38', 4, 1),
(687, 20.4, '2022-11-22 23:12:38', 3, 1),
(688, 20.8, '2022-11-22 23:12:38', 2, 1),
(689, 50.6, '2022-11-22 23:12:38', 1, 2),
(690, 19.9, '2022-11-22 23:12:38', 5, 1),
(691, 20, '2022-11-22 23:12:38', 6, 1),
(692, 49.5, '2022-11-22 23:12:38', 2, 2),
(693, 50.7, '2022-11-22 23:12:38', 3, 2),
(694, 50.4, '2022-11-22 23:12:38', 4, 2),
(695, 50.1, '2022-11-22 23:12:38', 6, 2),
(696, 49.8, '2022-11-22 23:12:38', 5, 2),
(697, 1044.7, '2022-11-22 23:12:38', 1, 3),
(698, 1046.4, '2022-11-22 23:12:38', 3, 3),
(699, 1044.6, '2022-11-22 23:12:38', 2, 3),
(700, 1044.4, '2022-11-22 23:12:38', 4, 3),
(701, 1046.1, '2022-11-22 23:12:38', 5, 3),
(702, 1045.4, '2022-11-22 23:12:38', 6, 3),
(703, 20.8, '2022-11-22 23:12:38', 2, 1),
(704, 20.4, '2022-11-22 23:12:38', 3, 1),
(705, 20.3, '2022-11-22 23:12:38', 1, 1),
(706, 21.6, '2022-11-22 23:12:38', 4, 1),
(707, 50.6, '2022-11-22 23:12:38', 1, 2),
(708, 20.1, '2022-11-22 23:12:38', 6, 1),
(709, 19.9, '2022-11-22 23:12:38', 5, 1),
(710, 49.5, '2022-11-22 23:12:38', 2, 2),
(711, 50.5, '2022-11-22 23:12:38', 4, 2),
(712, 50.8, '2022-11-22 23:12:38', 3, 2),
(713, 50.1, '2022-11-22 23:12:38', 6, 2),
(714, 49.7, '2022-11-22 23:12:38', 5, 2),
(715, 1044.5, '2022-11-22 23:12:38', 2, 3),
(716, 1046.3, '2022-11-22 23:12:38', 3, 3),
(717, 1046.2, '2022-11-22 23:12:38', 5, 3),
(718, 1044.6, '2022-11-22 23:12:38', 1, 3),
(719, 1044.3, '2022-11-22 23:12:38', 4, 3),
(720, 1045.5, '2022-11-22 23:12:38', 6, 3),
(721, 20.7, '2022-11-22 23:12:39', 2, 1),
(722, 20.3, '2022-11-22 23:12:39', 1, 1),
(723, 20.3, '2022-11-22 23:12:39', 3, 1),
(724, 19.8, '2022-11-22 23:12:39', 5, 1),
(725, 21.7, '2022-11-22 23:12:39', 4, 1),
(726, 20.1, '2022-11-22 23:12:39', 6, 1),
(727, 49.4, '2022-11-22 23:12:39', 2, 2),
(728, 50.6, '2022-11-22 23:12:39', 1, 2),
(729, 50.8, '2022-11-22 23:12:39', 3, 2),
(730, 50.4, '2022-11-22 23:12:39', 4, 2),
(731, 49.7, '2022-11-22 23:12:39', 5, 2),
(732, 1046.4, '2022-11-22 23:12:39', 3, 3),
(733, 50, '2022-11-22 23:12:39', 6, 2),
(734, 1044.6, '2022-11-22 23:12:39', 1, 3),
(735, 1044.6, '2022-11-22 23:12:39', 2, 3),
(736, 1046.3, '2022-11-22 23:12:39', 5, 3),
(737, 1045.5, '2022-11-22 23:12:39', 6, 3),
(738, 1044.4, '2022-11-22 23:12:39', 4, 3),
(739, 20.2, '2022-11-22 23:12:39', 1, 1),
(740, 20.7, '2022-11-22 23:12:39', 2, 1),
(741, 20.2, '2022-11-22 23:12:39', 3, 1),
(742, 19.7, '2022-11-22 23:12:39', 5, 1),
(743, 20.1, '2022-11-22 23:12:39', 6, 1),
(744, 50.5, '2022-11-22 23:12:39', 1, 2),
(745, 50.8, '2022-11-22 23:12:39', 3, 2),
(746, 21.7, '2022-11-22 23:12:39', 4, 1),
(747, 49.6, '2022-11-22 23:12:39', 5, 2),
(748, 49.5, '2022-11-22 23:12:40', 2, 2),
(749, 50.4, '2022-11-22 23:12:40', 4, 2),
(750, 50.1, '2022-11-22 23:12:40', 6, 2),
(751, 1044.5, '2022-11-22 23:12:40', 2, 3),
(752, 1046.5, '2022-11-22 23:12:40', 3, 3),
(753, 1044.3, '2022-11-22 23:12:40', 4, 3),
(754, 1044.6, '2022-11-22 23:12:40', 1, 3),
(755, 1045.4, '2022-11-22 23:12:40', 6, 3),
(756, 1046.3, '2022-11-22 23:12:40', 5, 3),
(757, 20.1, '2022-11-22 23:12:40', 1, 1),
(758, 20.2, '2022-11-22 23:12:40', 3, 1),
(759, 20.7, '2022-11-22 23:12:40', 2, 1),
(760, 21.7, '2022-11-22 23:12:40', 4, 1),
(761, 19.7, '2022-11-22 23:12:40', 5, 1),
(762, 50.4, '2022-11-22 23:12:40', 1, 2),
(763, 20, '2022-11-22 23:12:40', 6, 1),
(764, 49.4, '2022-11-22 23:12:40', 2, 2),
(765, 50.8, '2022-11-22 23:12:40', 3, 2),
(766, 50.2, '2022-11-22 23:12:40', 6, 2),
(767, 49.6, '2022-11-22 23:12:40', 5, 2),
(768, 1044.7, '2022-11-22 23:12:40', 1, 3),
(769, 50.3, '2022-11-22 23:12:40', 4, 2),
(770, 1044.4, '2022-11-22 23:12:40', 4, 3),
(771, 1046.2, '2022-11-22 23:12:40', 5, 3),
(772, 1046.6, '2022-11-22 23:12:40', 3, 3),
(773, 1044.5, '2022-11-22 23:12:40', 2, 3),
(774, 1045.4, '2022-11-22 23:12:40', 6, 3),
(775, 20.1, '2022-11-22 23:12:41', 1, 1),
(776, 21.7, '2022-11-22 23:12:41', 4, 1),
(777, 20.6, '2022-11-22 23:12:41', 2, 1),
(778, 19.6, '2022-11-22 23:12:41', 5, 1),
(779, 50.5, '2022-11-22 23:12:41', 1, 2),
(780, 19.9, '2022-11-22 23:12:41', 6, 1),
(781, 20.2, '2022-11-22 23:12:41', 3, 1),
(782, 49.5, '2022-11-22 23:12:41', 2, 2),
(783, 50.2, '2022-11-22 23:12:41', 4, 2),
(784, 50.9, '2022-11-22 23:12:41', 3, 2),
(785, 49.6, '2022-11-22 23:12:41', 5, 2),
(786, 50.2, '2022-11-22 23:12:41', 6, 2),
(787, 1044.6, '2022-11-22 23:12:41', 1, 3),
(788, 1046.5, '2022-11-22 23:12:41', 3, 3),
(789, 1044.4, '2022-11-22 23:12:41', 2, 3),
(790, 1044.4, '2022-11-22 23:12:41', 4, 3),
(791, 1046.1, '2022-11-22 23:12:41', 5, 3),
(792, 1045.5, '2022-11-22 23:12:41', 6, 3),
(793, 20, '2022-11-22 23:12:41', 1, 1),
(794, 20.1, '2022-11-22 23:12:41', 3, 1),
(795, 21.6, '2022-11-22 23:12:41', 4, 1),
(796, 19.7, '2022-11-22 23:12:41', 5, 1),
(797, 20.5, '2022-11-22 23:12:41', 2, 1),
(798, 19.8, '2022-11-22 23:12:41', 6, 1),
(799, 49.6, '2022-11-22 23:12:41', 2, 2),
(800, 50.9, '2022-11-22 23:12:41', 3, 2),
(801, 50.4, '2022-11-22 23:12:41', 1, 2),
(802, 49.7, '2022-11-22 23:12:41', 5, 2),
(803, 50.2, '2022-11-22 23:12:41', 4, 2),
(804, 1044.6, '2022-11-22 23:12:41', 1, 3),
(805, 1044.4, '2022-11-22 23:12:41', 2, 3),
(806, 50.2, '2022-11-22 23:12:41', 6, 2),
(807, 1044.3, '2022-11-22 23:12:41', 4, 3),
(808, 1046.4, '2022-11-22 23:12:41', 3, 3),
(809, 1046.1, '2022-11-22 23:12:41', 5, 3),
(810, 1045.5, '2022-11-22 23:12:41', 6, 3),
(811, 20, '2022-11-22 23:12:42', 1, 1),
(812, 20.5, '2022-11-22 23:12:42', 2, 1),
(813, 20.1, '2022-11-22 23:12:42', 3, 1),
(814, 19.6, '2022-11-22 23:12:42', 5, 1),
(815, 19.7, '2022-11-22 23:12:42', 6, 1),
(816, 21.5, '2022-11-22 23:12:42', 4, 1),
(817, 49.5, '2022-11-22 23:12:42', 2, 2),
(818, 50.9, '2022-11-22 23:12:42', 3, 2),
(819, 50.1, '2022-11-22 23:12:42', 4, 2),
(820, 50.3, '2022-11-22 23:12:42', 1, 2),
(821, 49.7, '2022-11-22 23:12:42', 5, 2),
(822, 1044.6, '2022-11-22 23:12:42', 1, 3),
(823, 50.2, '2022-11-22 23:12:42', 6, 2),
(824, 1044.2, '2022-11-22 23:12:42', 4, 3),
(825, 1046.4, '2022-11-22 23:12:42', 3, 3),
(826, 1044.5, '2022-11-22 23:12:42', 2, 3),
(827, 1046.2, '2022-11-22 23:12:42', 5, 3),
(828, 1045.6, '2022-11-22 23:12:42', 6, 3),
(829, 20.5, '2022-11-22 23:12:43', 2, 1),
(830, 20.1, '2022-11-22 23:12:43', 3, 1),
(831, 21.6, '2022-11-22 23:12:43', 4, 1),
(832, 19.5, '2022-11-22 23:12:43', 5, 1),
(833, 19.6, '2022-11-22 23:12:43', 6, 1),
(834, 49.6, '2022-11-22 23:12:43', 2, 2),
(835, 20.1, '2022-11-22 23:12:43', 1, 1),
(836, 50.9, '2022-11-22 23:12:43', 3, 2),
(837, 50.3, '2022-11-22 23:12:43', 1, 2),
(838, 50.2, '2022-11-22 23:12:43', 4, 2),
(839, 1044.5, '2022-11-22 23:12:43', 1, 3),
(840, 49.6, '2022-11-22 23:12:43', 5, 2),
(841, 1046.4, '2022-11-22 23:12:43', 3, 3),
(842, 1044.5, '2022-11-22 23:12:43', 2, 3),
(843, 50.3, '2022-11-22 23:12:43', 6, 2),
(844, 1045.7, '2022-11-22 23:12:43', 6, 3),
(845, 1046.3, '2022-11-22 23:12:43', 5, 3),
(846, 1044.3, '2022-11-22 23:12:43', 4, 3),
(847, 20.6, '2022-11-22 23:12:44', 2, 1),
(848, 20.2, '2022-11-22 23:12:44', 3, 1),
(849, 20.1, '2022-11-22 23:12:44', 1, 1),
(850, 21.6, '2022-11-22 23:12:44', 4, 1),
(851, 19.5, '2022-11-22 23:12:44', 5, 1),
(852, 49.6, '2022-11-22 23:12:44', 2, 2),
(853, 50.9, '2022-11-22 23:12:44', 3, 2),
(854, 19.7, '2022-11-22 23:12:44', 6, 1),
(855, 50.4, '2022-11-22 23:12:44', 1, 2),
(856, 50.2, '2022-11-22 23:12:44', 4, 2),
(857, 50.3, '2022-11-22 23:12:44', 6, 2),
(858, 49.7, '2022-11-22 23:12:44', 5, 2),
(859, 1044.5, '2022-11-22 23:12:44', 2, 3),
(860, 1044.6, '2022-11-22 23:12:44', 1, 3),
(861, 1044.3, '2022-11-22 23:12:44', 4, 3),
(862, 1046.3, '2022-11-22 23:12:44', 5, 3),
(863, 1045.6, '2022-11-22 23:12:44', 6, 3),
(864, 1046.3, '2022-11-22 23:12:44', 3, 3),
(865, 20.6, '2022-11-22 23:12:45', 2, 1),
(866, 20, '2022-11-22 23:12:45', 1, 1),
(867, 20.1, '2022-11-22 23:12:45', 3, 1),
(868, 21.7, '2022-11-22 23:12:45', 4, 1),
(869, 50.4, '2022-11-22 23:12:45', 1, 2),
(870, 19.4, '2022-11-22 23:12:45', 5, 1),
(871, 49.5, '2022-11-22 23:12:45', 2, 2),
(872, 19.6, '2022-11-22 23:12:45', 6, 1),
(873, 50.2, '2022-11-22 23:12:45', 6, 2),
(874, 50.3, '2022-11-22 23:12:45', 4, 2),
(875, 51, '2022-11-22 23:12:45', 3, 2),
(876, 1044.5, '2022-11-22 23:12:45', 1, 3),
(877, 49.7, '2022-11-22 23:12:45', 5, 2),
(878, 1046.4, '2022-11-22 23:12:45', 3, 3),
(879, 1044.6, '2022-11-22 23:12:45', 2, 3),
(880, 1044.4, '2022-11-22 23:12:45', 4, 3),
(881, 1045.6, '2022-11-22 23:12:45', 6, 3),
(882, 1046.3, '2022-11-22 23:12:45', 5, 3),
(883, 20.5, '2022-11-22 23:12:45', 2, 1),
(884, 20.1, '2022-11-22 23:12:45', 3, 1),
(885, 19.9, '2022-11-22 23:12:45', 1, 1),
(886, 19.3, '2022-11-22 23:12:45', 5, 1),
(887, 19.7, '2022-11-22 23:12:45', 6, 1),
(888, 21.7, '2022-11-22 23:12:45', 4, 1),
(889, 50.3, '2022-11-22 23:12:45', 1, 2),
(890, 50.2, '2022-11-22 23:12:45', 4, 2),
(891, 49.5, '2022-11-22 23:12:45', 2, 2),
(892, 51, '2022-11-22 23:12:45', 3, 2),
(893, 49.8, '2022-11-22 23:12:45', 5, 2),
(894, 50.1, '2022-11-22 23:12:45', 6, 2),
(895, 1044.6, '2022-11-22 23:12:45', 1, 3),
(896, 1046.3, '2022-11-22 23:12:45', 3, 3),
(897, 1044.5, '2022-11-22 23:12:45', 2, 3),
(898, 1044.5, '2022-11-22 23:12:45', 4, 3),
(899, 1046.2, '2022-11-22 23:12:45', 5, 3),
(900, 1045.5, '2022-11-22 23:12:45', 6, 3),
(901, 20.6, '2022-11-22 23:12:46', 2, 1),
(902, 20, '2022-11-22 23:12:46', 1, 1),
(903, 21.6, '2022-11-22 23:12:46', 4, 1),
(904, 19.3, '2022-11-22 23:12:46', 5, 1),
(905, 19.6, '2022-11-22 23:12:46', 6, 1),
(906, 20.1, '2022-11-22 23:12:46', 3, 1),
(907, 50.4, '2022-11-22 23:12:46', 1, 2),
(908, 49.4, '2022-11-22 23:12:46', 2, 2),
(909, 50.1, '2022-11-22 23:12:46', 4, 2),
(910, 50.9, '2022-11-22 23:12:46', 3, 2),
(911, 1044.5, '2022-11-22 23:12:46', 1, 3),
(912, 50.1, '2022-11-22 23:12:46', 6, 2),
(913, 49.8, '2022-11-22 23:12:46', 5, 2),
(914, 1044.5, '2022-11-22 23:12:46', 2, 3),
(915, 1046.3, '2022-11-22 23:12:46', 3, 3),
(916, 1044.5, '2022-11-22 23:12:46', 4, 3),
(917, 1045.6, '2022-11-22 23:12:46', 6, 3),
(918, 1046.2, '2022-11-22 23:12:46', 5, 3),
(919, 20.2, '2022-11-22 23:12:47', 3, 1),
(920, 20.5, '2022-11-22 23:12:47', 2, 1),
(921, 19.9, '2022-11-22 23:12:47', 1, 1),
(922, 19.4, '2022-11-22 23:12:47', 5, 1),
(923, 21.6, '2022-11-22 23:12:47', 4, 1),
(924, 19.6, '2022-11-22 23:12:47', 6, 1),
(925, 49.4, '2022-11-22 23:12:47', 2, 2),
(926, 51, '2022-11-22 23:12:47', 3, 2),
(927, 50.1, '2022-11-22 23:12:47', 4, 2),
(928, 50, '2022-11-22 23:12:47', 6, 2),
(929, 50.3, '2022-11-22 23:12:47', 1, 2),
(930, 49.9, '2022-11-22 23:12:47', 5, 2),
(931, 1044.5, '2022-11-22 23:12:47', 1, 3),
(932, 1044.5, '2022-11-22 23:12:47', 2, 3),
(933, 1046.3, '2022-11-22 23:12:47', 3, 3),
(934, 1046.1, '2022-11-22 23:12:47', 5, 3),
(935, 1045.6, '2022-11-22 23:12:47', 6, 3),
(936, 1044.5, '2022-11-22 23:12:47', 4, 3),
(937, 19.9, '2022-11-22 23:12:47', 1, 1),
(938, 20.4, '2022-11-22 23:12:47', 2, 1),
(939, 20.2, '2022-11-22 23:12:47', 3, 1),
(940, 21.6, '2022-11-22 23:12:47', 4, 1),
(941, 19.7, '2022-11-22 23:12:47', 6, 1),
(942, 19.3, '2022-11-22 23:12:47', 5, 1),
(943, 50.2, '2022-11-22 23:12:47', 1, 2),
(944, 49.4, '2022-11-22 23:12:47', 2, 2),
(945, 51.1, '2022-11-22 23:12:47', 3, 2),
(946, 49.9, '2022-11-22 23:12:47', 5, 2),
(947, 50, '2022-11-22 23:12:47', 4, 2),
(948, 1044.6, '2022-11-22 23:12:47', 2, 3),
(949, 1044.6, '2022-11-22 23:12:47', 1, 3),
(950, 1046.4, '2022-11-22 23:12:47', 3, 3),
(951, 49.9, '2022-11-22 23:12:47', 6, 2),
(952, 1046.2, '2022-11-22 23:12:47', 5, 3),
(953, 1044.5, '2022-11-22 23:12:47', 4, 3),
(954, 1045.6, '2022-11-22 23:12:47', 6, 3),
(955, 19.9, '2022-11-22 23:12:48', 1, 1),
(956, 20.4, '2022-11-22 23:12:48', 2, 1),
(957, 20.1, '2022-11-22 23:12:48', 3, 1),
(958, 19.4, '2022-11-22 23:12:48', 5, 1),
(959, 19.6, '2022-11-22 23:12:48', 6, 1),
(960, 21.7, '2022-11-22 23:12:48', 4, 1),
(961, 50.1, '2022-11-22 23:12:48', 1, 2),
(962, 51.2, '2022-11-22 23:12:48', 3, 2),
(963, 50, '2022-11-22 23:12:48', 4, 2),
(964, 49.3, '2022-11-22 23:12:48', 2, 2),
(965, 49.9, '2022-11-22 23:12:48', 6, 2),
(966, 1044.7, '2022-11-22 23:12:48', 2, 3),
(967, 1044.6, '2022-11-22 23:12:48', 1, 3),
(968, 49.9, '2022-11-22 23:12:48', 5, 2),
(969, 1046.5, '2022-11-22 23:12:48', 3, 3),
(970, 1045.6, '2022-11-22 23:12:48', 6, 3),
(971, 1046.2, '2022-11-22 23:12:48', 5, 3),
(972, 1044.5, '2022-11-22 23:12:48', 4, 3),
(973, 19.9, '2022-11-22 23:12:48', 1, 1),
(974, 20.1, '2022-11-22 23:12:49', 3, 1),
(975, 20.5, '2022-11-22 23:12:49', 2, 1),
(976, 21.6, '2022-11-22 23:12:49', 4, 1),
(977, 19.3, '2022-11-22 23:12:49', 5, 1),
(978, 19.7, '2022-11-22 23:12:49', 6, 1),
(979, 50.2, '2022-11-22 23:12:49', 1, 2),
(980, 51.2, '2022-11-22 23:12:49', 3, 2),
(981, 49.8, '2022-11-22 23:12:49', 5, 2),
(982, 49.3, '2022-11-22 23:12:49', 2, 2),
(983, 50, '2022-11-22 23:12:49', 4, 2),
(984, 50, '2022-11-22 23:12:49', 6, 2),
(985, 1044.6, '2022-11-22 23:12:49', 2, 3),
(986, 1046.4, '2022-11-22 23:12:49', 3, 3),
(987, 1044.7, '2022-11-22 23:12:49', 1, 3),
(988, 1046.2, '2022-11-22 23:12:49', 5, 3),
(989, 1044.4, '2022-11-22 23:12:49', 4, 3),
(990, 1045.5, '2022-11-22 23:12:49', 6, 3),
(991, 19.8, '2022-11-22 23:12:49', 1, 1),
(992, 20.1, '2022-11-22 23:12:49', 3, 1),
(993, 20.4, '2022-11-22 23:12:49', 2, 1),
(994, 21.6, '2022-11-22 23:12:49', 4, 1),
(995, 19.4, '2022-11-22 23:12:49', 5, 1),
(996, 50.1, '2022-11-22 23:12:49', 1, 2),
(997, 49.2, '2022-11-22 23:12:49', 2, 2),
(998, 51.3, '2022-11-22 23:12:49', 3, 2),
(999, 50.1, '2022-11-22 23:12:49', 6, 2),
(1000, 19.8, '2022-11-22 23:12:49', 6, 1),
(1001, 1044.6, '2022-11-22 23:12:49', 1, 3),
(1002, 49.7, '2022-11-22 23:12:49', 5, 2),
(1003, 50, '2022-11-22 23:12:49', 4, 2),
(1004, 1044.4, '2022-11-22 23:12:49', 4, 3),
(1005, 1044.6, '2022-11-22 23:12:49', 2, 3),
(1006, 1046.3, '2022-11-22 23:12:49', 3, 3),
(1007, 1046.1, '2022-11-22 23:12:49', 5, 3),
(1008, 1045.5, '2022-11-22 23:12:49', 6, 3),
(1009, 20.4, '2022-11-22 23:12:50', 2, 1),
(1010, 20.1, '2022-11-22 23:12:50', 3, 1),
(1011, 19.8, '2022-11-22 23:12:50', 1, 1),
(1012, 21.7, '2022-11-22 23:12:50', 4, 1),
(1013, 19.8, '2022-11-22 23:12:50', 6, 1),
(1014, 50.1, '2022-11-22 23:12:50', 1, 2),
(1015, 49.1, '2022-11-22 23:12:50', 2, 2),
(1016, 51.2, '2022-11-22 23:12:50', 3, 2),
(1017, 19.3, '2022-11-22 23:12:50', 5, 1),
(1018, 49.6, '2022-11-22 23:12:50', 5, 2),
(1019, 50, '2022-11-22 23:12:50', 4, 2),
(1020, 50.1, '2022-11-22 23:12:50', 6, 2),
(1021, 1044.7, '2022-11-22 23:12:50', 1, 3),
(1022, 1046.3, '2022-11-22 23:12:50', 3, 3),
(1023, 1044.7, '2022-11-22 23:12:50', 2, 3),
(1024, 1046, '2022-11-22 23:12:50', 5, 3),
(1025, 1045.5, '2022-11-22 23:12:50', 6, 3),
(1026, 1044.4, '2022-11-22 23:12:50', 4, 3),
(1027, 20, '2022-11-22 23:12:51', 3, 1),
(1028, 20.5, '2022-11-22 23:12:51', 2, 1),
(1029, 21.7, '2022-11-22 23:12:51', 4, 1),
(1030, 19.4, '2022-11-22 23:12:51', 5, 1),
(1031, 19.9, '2022-11-22 23:12:51', 1, 1),
(1032, 19.7, '2022-11-22 23:12:51', 6, 1),
(1033, 49.2, '2022-11-22 23:12:51', 2, 2),
(1034, 49.9, '2022-11-22 23:12:51', 4, 2),
(1035, 51.2, '2022-11-22 23:12:51', 3, 2),
(1036, 50, '2022-11-22 23:12:51', 6, 2),
(1037, 50, '2022-11-22 23:12:51', 1, 2),
(1038, 1044.6, '2022-11-22 23:12:51', 1, 3),
(1039, 1044.7, '2022-11-22 23:12:51', 2, 3),
(1040, 1046.2, '2022-11-22 23:12:51', 3, 3),
(1041, 49.7, '2022-11-22 23:12:51', 5, 2),
(1042, 1044.4, '2022-11-22 23:12:51', 4, 3),
(1043, 1045.9, '2022-11-22 23:12:51', 5, 3),
(1044, 1045.5, '2022-11-22 23:12:51', 6, 3),
(1045, 20.4, '2022-11-22 23:12:51', 2, 1),
(1046, 21.6, '2022-11-22 23:12:51', 4, 1),
(1047, 20.1, '2022-11-22 23:12:51', 3, 1),
(1048, 19.8, '2022-11-22 23:12:51', 1, 1),
(1049, 19.4, '2022-11-22 23:12:51', 5, 1),
(1050, 19.6, '2022-11-22 23:12:51', 6, 1),
(1051, 49.3, '2022-11-22 23:12:51', 2, 2),
(1052, 50.1, '2022-11-22 23:12:51', 1, 2),
(1053, 51.1, '2022-11-22 23:12:51', 3, 2),
(1054, 49.9, '2022-11-22 23:12:51', 6, 2),
(1055, 49.8, '2022-11-22 23:12:51', 4, 2),
(1056, 49.7, '2022-11-22 23:12:51', 5, 2),
(1057, 1044.6, '2022-11-22 23:12:51', 1, 3),
(1058, 1044.3, '2022-11-22 23:12:51', 4, 3),
(1059, 1046.3, '2022-11-22 23:12:51', 3, 3),
(1060, 1044.8, '2022-11-22 23:12:51', 2, 3),
(1061, 1046, '2022-11-22 23:12:51', 5, 3),
(1062, 1045.4, '2022-11-22 23:12:51', 6, 3),
(1063, 19.8, '2022-11-22 23:12:52', 1, 1),
(1064, 20.1, '2022-11-22 23:12:52', 3, 1),
(1065, 20.4, '2022-11-22 23:12:52', 2, 1),
(1066, 21.5, '2022-11-22 23:12:52', 4, 1),
(1067, 19.6, '2022-11-22 23:12:52', 6, 1),
(1068, 19.5, '2022-11-22 23:12:52', 5, 1),
(1069, 50.2, '2022-11-22 23:12:52', 1, 2),
(1070, 49.4, '2022-11-22 23:12:52', 2, 2),
(1071, 51, '2022-11-22 23:12:52', 3, 2),
(1072, 49.7, '2022-11-22 23:12:52', 4, 2),
(1073, 49.7, '2022-11-22 23:12:52', 5, 2),
(1074, 50, '2022-11-22 23:12:52', 6, 2),
(1075, 1044.8, '2022-11-22 23:12:52', 2, 3),
(1076, 1044.7, '2022-11-22 23:12:52', 1, 3),
(1077, 1046.3, '2022-11-22 23:12:52', 3, 3),
(1078, 1044.4, '2022-11-22 23:12:52', 4, 3),
(1079, 1045.9, '2022-11-22 23:12:52', 5, 3),
(1080, 1045.4, '2022-11-22 23:12:52', 6, 3),
(1081, 20.4, '2022-11-22 23:12:52', 2, 1),
(1082, 19.8, '2022-11-22 23:12:52', 1, 1),
(1083, 21.5, '2022-11-22 23:12:52', 4, 1),
(1084, 19.4, '2022-11-22 23:12:52', 5, 1),
(1085, 19.6, '2022-11-22 23:12:52', 6, 1),
(1086, 50.3, '2022-11-22 23:12:52', 1, 2),
(1087, 49.5, '2022-11-22 23:12:52', 2, 2),
(1088, 50.9, '2022-11-22 23:12:52', 3, 2),
(1089, 20, '2022-11-22 23:12:52', 3, 1),
(1090, 49.9, '2022-11-22 23:12:52', 6, 2),
(1091, 49.7, '2022-11-22 23:12:52', 4, 2),
(1092, 1046.3, '2022-11-22 23:12:52', 3, 3),
(1093, 1044.6, '2022-11-22 23:12:52', 1, 3),
(1094, 1044.9, '2022-11-22 23:12:52', 2, 3),
(1095, 1044.5, '2022-11-22 23:12:52', 4, 3),
(1096, 49.7, '2022-11-22 23:12:52', 5, 2),
(1097, 1045.4, '2022-11-22 23:12:52', 6, 3),
(1098, 1045.8, '2022-11-22 23:12:52', 5, 3),
(1099, 19.9, '2022-11-22 23:12:53', 1, 1),
(1100, 20.3, '2022-11-22 23:12:53', 2, 1),
(1101, 19.9, '2022-11-22 23:12:53', 3, 1),
(1102, 21.5, '2022-11-22 23:12:53', 4, 1),
(1103, 19.4, '2022-11-22 23:12:53', 5, 1),
(1104, 19.6, '2022-11-22 23:12:53', 6, 1),
(1105, 50.3, '2022-11-22 23:12:53', 1, 2),
(1106, 49.4, '2022-11-22 23:12:53', 2, 2),
(1107, 49.6, '2022-11-22 23:12:53', 5, 2),
(1108, 51, '2022-11-22 23:12:53', 3, 2),
(1109, 49.8, '2022-11-22 23:12:53', 4, 2),
(1110, 1044.5, '2022-11-22 23:12:53', 1, 3),
(1111, 50, '2022-11-22 23:12:53', 6, 2),
(1112, 1044.8, '2022-11-22 23:12:53', 2, 3),
(1113, 1046.4, '2022-11-22 23:12:53', 3, 3),
(1114, 1044.4, '2022-11-22 23:12:53', 4, 3),
(1115, 1045.7, '2022-11-22 23:12:53', 5, 3),
(1116, 1045.4, '2022-11-22 23:12:53', 6, 3),
(1117, 20.2, '2022-11-22 23:12:54', 2, 1),
(1118, 19.9, '2022-11-22 23:12:54', 1, 1),
(1119, 20, '2022-11-22 23:12:54', 3, 1),
(1120, 21.6, '2022-11-22 23:12:54', 4, 1),
(1121, 19.4, '2022-11-22 23:12:54', 5, 1),
(1122, 19.5, '2022-11-22 23:12:54', 6, 1),
(1123, 50.3, '2022-11-22 23:12:54', 1, 2),
(1124, 49.4, '2022-11-22 23:12:54', 2, 2),
(1125, 51.1, '2022-11-22 23:12:54', 3, 2),
(1126, 49.8, '2022-11-22 23:12:54', 4, 2),
(1127, 1044.4, '2022-11-22 23:12:54', 1, 3),
(1128, 49.7, '2022-11-22 23:12:54', 5, 2),
(1129, 50.1, '2022-11-22 23:12:54', 6, 2),
(1130, 1044.8, '2022-11-22 23:12:54', 2, 3),
(1131, 1046.4, '2022-11-22 23:12:54', 3, 3),
(1132, 1044.4, '2022-11-22 23:12:54', 4, 3),
(1133, 1045.8, '2022-11-22 23:12:54', 5, 3),
(1134, 1045.5, '2022-11-22 23:12:54', 6, 3),
(1135, 19.8, '2022-11-22 23:12:54', 1, 1),
(1136, 20.2, '2022-11-22 23:12:54', 2, 1),
(1137, 19.4, '2022-11-22 23:12:54', 5, 1),
(1138, 20, '2022-11-22 23:12:54', 3, 1),
(1139, 19.6, '2022-11-22 23:12:54', 6, 1),
(1140, 21.7, '2022-11-22 23:12:54', 4, 1),
(1141, 49.3, '2022-11-22 23:12:54', 2, 2),
(1142, 51.1, '2022-11-22 23:12:54', 3, 2),
(1143, 49.6, '2022-11-22 23:12:54', 5, 2),
(1144, 50.4, '2022-11-22 23:12:54', 1, 2),
(1145, 49.9, '2022-11-22 23:12:54', 4, 2),
(1146, 50, '2022-11-22 23:12:54', 6, 2),
(1147, 1044.3, '2022-11-22 23:12:54', 1, 3),
(1148, 1044.8, '2022-11-22 23:12:54', 2, 3),
(1149, 1044.3, '2022-11-22 23:12:54', 4, 3),
(1150, 1045.9, '2022-11-22 23:12:54', 5, 3),
(1151, 1045.6, '2022-11-22 23:12:54', 6, 3),
(1152, 1046.4, '2022-11-22 23:12:54', 3, 3),
(1153, 20.2, '2022-11-22 23:12:55', 2, 1),
(1154, 20, '2022-11-22 23:12:55', 3, 1),
(1155, 19.8, '2022-11-22 23:12:55', 1, 1),
(1156, 21.8, '2022-11-22 23:12:55', 4, 1),
(1157, 19.5, '2022-11-22 23:12:55', 5, 1),
(1158, 50.5, '2022-11-22 23:12:55', 1, 2),
(1159, 19.5, '2022-11-22 23:12:55', 6, 1),
(1160, 51.1, '2022-11-22 23:12:55', 3, 2),
(1161, 49.7, '2022-11-22 23:12:55', 5, 2),
(1162, 49.9, '2022-11-22 23:12:55', 4, 2),
(1163, 49.3, '2022-11-22 23:12:55', 2, 2),
(1164, 49.9, '2022-11-22 23:12:55', 6, 2),
(1165, 1044.4, '2022-11-22 23:12:55', 1, 3),
(1166, 1044.7, '2022-11-22 23:12:55', 2, 3),
(1167, 1046.4, '2022-11-22 23:12:55', 3, 3),
(1168, 1044.2, '2022-11-22 23:12:55', 4, 3),
(1169, 1046, '2022-11-22 23:12:55', 5, 3),
(1170, 1045.7, '2022-11-22 23:12:55', 6, 3),
(1171, 19.8, '2022-11-22 23:12:55', 1, 1),
(1172, 20.2, '2022-11-22 23:12:55', 2, 1),
(1173, 20.1, '2022-11-22 23:12:55', 3, 1),
(1174, 21.7, '2022-11-22 23:12:55', 4, 1),
(1175, 19.6, '2022-11-22 23:12:55', 5, 1),
(1176, 19.5, '2022-11-22 23:12:55', 6, 1),
(1177, 51.2, '2022-11-22 23:12:55', 3, 2),
(1178, 49.8, '2022-11-22 23:12:55', 4, 2),
(1179, 49.6, '2022-11-22 23:12:55', 5, 2),
(1180, 50.6, '2022-11-22 23:12:55', 1, 2),
(1181, 49.4, '2022-11-22 23:12:55', 2, 2),
(1182, 49.8, '2022-11-22 23:12:55', 6, 2),
(1183, 1046.3, '2022-11-22 23:12:56', 3, 3),
(1184, 1044.6, '2022-11-22 23:12:56', 2, 3),
(1185, 1044.4, '2022-11-22 23:12:56', 1, 3),
(1186, 1045.7, '2022-11-22 23:12:56', 6, 3),
(1187, 1044.3, '2022-11-22 23:12:56', 4, 3),
(1188, 1045.9, '2022-11-22 23:12:56', 5, 3),
(1189, 19.7, '2022-11-22 23:12:56', 1, 1),
(1190, 20.2, '2022-11-22 23:12:56', 2, 1),
(1191, 21.6, '2022-11-22 23:12:56', 4, 1),
(1192, 20.1, '2022-11-22 23:12:56', 3, 1),
(1193, 19.5, '2022-11-22 23:12:56', 5, 1),
(1194, 49.4, '2022-11-22 23:12:56', 2, 2),
(1195, 50.5, '2022-11-22 23:12:56', 1, 2),
(1196, 51.1, '2022-11-22 23:12:56', 3, 2),
(1197, 19.5, '2022-11-22 23:12:56', 6, 1),
(1198, 49.7, '2022-11-22 23:12:56', 6, 2),
(1199, 1044.5, '2022-11-22 23:12:56', 1, 3),
(1200, 49.5, '2022-11-22 23:12:56', 5, 2),
(1201, 49.7, '2022-11-22 23:12:56', 4, 2),
(1202, 1046.4, '2022-11-22 23:12:56', 3, 3),
(1203, 1044.5, '2022-11-22 23:12:56', 2, 3),
(1204, 1045.8, '2022-11-22 23:12:56', 5, 3),
(1205, 1044.4, '2022-11-22 23:12:56', 4, 3),
(1206, 1045.7, '2022-11-22 23:12:56', 6, 3),
(1207, 20, '2022-11-22 23:12:57', 3, 1),
(1208, 19.8, '2022-11-22 23:12:57', 1, 1),
(1209, 20.1, '2022-11-22 23:12:57', 2, 1),
(1210, 19.5, '2022-11-22 23:12:57', 5, 1),
(1211, 21.7, '2022-11-22 23:12:57', 4, 1),
(1212, 50.6, '2022-11-22 23:12:57', 1, 2),
(1213, 19.4, '2022-11-22 23:12:57', 6, 1),
(1214, 49.4, '2022-11-22 23:12:57', 2, 2),
(1215, 51, '2022-11-22 23:12:57', 3, 2),
(1216, 49.6, '2022-11-22 23:12:57', 5, 2),
(1217, 49.6, '2022-11-22 23:12:57', 4, 2),
(1218, 49.6, '2022-11-22 23:12:57', 6, 2),
(1219, 1044.4, '2022-11-22 23:12:57', 2, 3),
(1220, 1046.3, '2022-11-22 23:12:57', 3, 3),
(1221, 1044.5, '2022-11-22 23:12:57', 4, 3),
(1222, 1044.4, '2022-11-22 23:12:57', 1, 3),
(1223, 1045.7, '2022-11-22 23:12:57', 6, 3),
(1224, 1045.9, '2022-11-22 23:12:57', 5, 3),
(1225, 19.7, '2022-11-22 23:12:57', 1, 1),
(1226, 20.2, '2022-11-22 23:12:57', 2, 1),
(1227, 19.9, '2022-11-22 23:12:57', 3, 1),
(1228, 19.6, '2022-11-22 23:12:57', 5, 1),
(1229, 21.6, '2022-11-22 23:12:58', 4, 1);
INSERT INTO `sensors_values` (`id`, `value`, `date_time`, `room_type_id`, `sensor_type_id`) VALUES
(1230, 19.4, '2022-11-22 23:12:58', 6, 1),
(1231, 49.5, '2022-11-22 23:12:58', 2, 2),
(1232, 50.7, '2022-11-22 23:12:58', 1, 2),
(1233, 51, '2022-11-22 23:12:58', 3, 2),
(1234, 49.5, '2022-11-22 23:12:58', 4, 2),
(1235, 49.7, '2022-11-22 23:12:58', 6, 2),
(1236, 49.5, '2022-11-22 23:12:58', 5, 2),
(1237, 1044.3, '2022-11-22 23:12:58', 1, 3),
(1238, 1044.3, '2022-11-22 23:12:58', 2, 3),
(1239, 1046.2, '2022-11-22 23:12:58', 3, 3),
(1240, 1044.4, '2022-11-22 23:12:58', 4, 3),
(1241, 1045.8, '2022-11-22 23:12:58', 5, 3),
(1242, 1045.7, '2022-11-22 23:12:58', 6, 3),
(1243, 19.6, '2022-11-22 23:12:59', 1, 1),
(1244, 20.1, '2022-11-22 23:12:59', 2, 1),
(1245, 19.9, '2022-11-22 23:12:59', 3, 1),
(1246, 21.6, '2022-11-22 23:12:59', 4, 1),
(1247, 19.6, '2022-11-22 23:12:59', 5, 1),
(1248, 19.4, '2022-11-22 23:12:59', 6, 1),
(1249, 50.6, '2022-11-22 23:12:59', 1, 2),
(1250, 49.4, '2022-11-22 23:12:59', 2, 2),
(1251, 50.9, '2022-11-22 23:12:59', 3, 2),
(1252, 49.5, '2022-11-22 23:12:59', 5, 2),
(1253, 49.4, '2022-11-22 23:12:59', 4, 2),
(1254, 49.7, '2022-11-22 23:12:59', 6, 2),
(1255, 1044.4, '2022-11-22 23:12:59', 2, 3),
(1256, 1046.2, '2022-11-22 23:12:59', 3, 3),
(1257, 1044.4, '2022-11-22 23:12:59', 4, 3),
(1258, 1044.3, '2022-11-22 23:12:59', 1, 3),
(1259, 1045.8, '2022-11-22 23:12:59', 5, 3),
(1260, 1045.8, '2022-11-22 23:12:59', 6, 3),
(1261, 19.7, '2022-11-22 23:12:59', 1, 1),
(1262, 19.8, '2022-11-22 23:12:59', 3, 1),
(1263, 20.1, '2022-11-22 23:12:59', 2, 1),
(1264, 19.5, '2022-11-22 23:12:59', 5, 1),
(1265, 50.7, '2022-11-22 23:12:59', 1, 2),
(1266, 21.5, '2022-11-22 23:12:59', 4, 1),
(1267, 19.4, '2022-11-22 23:12:59', 6, 1),
(1268, 49.3, '2022-11-22 23:12:59', 4, 2),
(1269, 49.5, '2022-11-22 23:12:59', 2, 2),
(1270, 50.9, '2022-11-22 23:12:59', 3, 2),
(1271, 49.5, '2022-11-22 23:12:59', 5, 2),
(1272, 1044.3, '2022-11-22 23:13:00', 1, 3),
(1273, 49.8, '2022-11-22 23:13:00', 6, 2),
(1274, 1044.4, '2022-11-22 23:13:00', 2, 3),
(1275, 1044.4, '2022-11-22 23:13:00', 4, 3),
(1276, 1045.9, '2022-11-22 23:13:00', 5, 3),
(1277, 1045.8, '2022-11-22 23:13:00', 6, 3),
(1278, 1046.1, '2022-11-22 23:13:00', 3, 3),
(1279, 20, '2022-11-22 23:13:00', 2, 1),
(1280, 19.7, '2022-11-22 23:13:00', 1, 1),
(1281, 21.4, '2022-11-22 23:13:00', 4, 1),
(1282, 19.4, '2022-11-22 23:13:00', 6, 1),
(1283, 19.7, '2022-11-22 23:13:00', 3, 1),
(1284, 50.8, '2022-11-22 23:13:00', 1, 2),
(1285, 19.4, '2022-11-22 23:13:00', 5, 1),
(1286, 49.6, '2022-11-22 23:13:00', 2, 2),
(1287, 50.9, '2022-11-22 23:13:00', 3, 2),
(1288, 49.9, '2022-11-22 23:13:00', 6, 2),
(1289, 49.4, '2022-11-22 23:13:00', 4, 2),
(1290, 49.4, '2022-11-22 23:13:00', 5, 2),
(1291, 1044.4, '2022-11-22 23:13:00', 1, 3),
(1292, 1046, '2022-11-22 23:13:00', 3, 3),
(1293, 1044.5, '2022-11-22 23:13:00', 4, 3),
(1294, 1045.7, '2022-11-22 23:13:00', 6, 3),
(1295, 1046, '2022-11-22 23:13:00', 5, 3),
(1296, 1044.3, '2022-11-22 23:13:00', 2, 3),
(1297, 19.7, '2022-11-22 23:13:01', 1, 1),
(1298, 19.9, '2022-11-22 23:13:01', 2, 1),
(1299, 19.8, '2022-11-22 23:13:01', 3, 1),
(1300, 21.5, '2022-11-22 23:13:01', 4, 1),
(1301, 19.5, '2022-11-22 23:13:01', 5, 1),
(1302, 19.4, '2022-11-22 23:13:01', 6, 1),
(1303, 50.8, '2022-11-22 23:13:01', 1, 2),
(1304, 49.7, '2022-11-22 23:13:01', 2, 2),
(1305, 50.9, '2022-11-22 23:13:01', 3, 2),
(1306, 49.5, '2022-11-22 23:13:01', 5, 2),
(1307, 49.5, '2022-11-22 23:13:01', 4, 2),
(1308, 1044.4, '2022-11-22 23:13:01', 2, 3),
(1309, 1044.5, '2022-11-22 23:13:01', 1, 3),
(1310, 1046.1, '2022-11-22 23:13:01', 3, 3),
(1311, 49.9, '2022-11-22 23:13:01', 6, 2),
(1312, 1045.6, '2022-11-22 23:13:01', 6, 3),
(1313, 1044.5, '2022-11-22 23:13:01', 4, 3),
(1314, 1046.1, '2022-11-22 23:13:01', 5, 3),
(1315, 19.8, '2022-11-22 23:13:03', 2, 1),
(1316, 19.6, '2022-11-22 23:13:03', 1, 1),
(1317, 19.8, '2022-11-22 23:13:03', 3, 1),
(1318, 21.6, '2022-11-22 23:13:03', 4, 1),
(1319, 19.4, '2022-11-22 23:13:03', 5, 1),
(1320, 50.8, '2022-11-22 23:13:03', 3, 2),
(1321, 50.7, '2022-11-22 23:13:03', 1, 2),
(1322, 19.4, '2022-11-22 23:13:03', 6, 1),
(1323, 49.8, '2022-11-22 23:13:03', 2, 2),
(1324, 49.4, '2022-11-22 23:13:03', 5, 2),
(1325, 49.5, '2022-11-22 23:13:03', 4, 2),
(1326, 1044.5, '2022-11-22 23:13:03', 1, 3),
(1327, 50, '2022-11-22 23:13:03', 6, 2),
(1328, 1044.3, '2022-11-22 23:13:03', 2, 3),
(1329, 1044.5, '2022-11-22 23:13:03', 4, 3),
(1330, 1046, '2022-11-22 23:13:03', 3, 3),
(1331, 1045.6, '2022-11-22 23:13:03', 6, 3),
(1332, 1046, '2022-11-22 23:13:03', 5, 3),
(1333, 19.9, '2022-11-22 23:13:03', 2, 1),
(1334, 21.5, '2022-11-22 23:13:03', 4, 1),
(1335, 19.7, '2022-11-22 23:13:03', 1, 1),
(1336, 19.8, '2022-11-22 23:13:03', 3, 1),
(1337, 19.3, '2022-11-22 23:13:03', 5, 1),
(1338, 50.8, '2022-11-22 23:13:03', 1, 2),
(1339, 49.9, '2022-11-22 23:13:03', 2, 2),
(1340, 19.4, '2022-11-22 23:13:03', 6, 1),
(1341, 49.6, '2022-11-22 23:13:03', 4, 2),
(1342, 49.4, '2022-11-22 23:13:03', 5, 2),
(1343, 50.1, '2022-11-22 23:13:03', 6, 2),
(1344, 50.8, '2022-11-22 23:13:03', 3, 2),
(1345, 1044.5, '2022-11-22 23:13:03', 1, 3),
(1346, 1044.4, '2022-11-22 23:13:03', 4, 3),
(1347, 1044.3, '2022-11-22 23:13:03', 2, 3),
(1348, 1046, '2022-11-22 23:13:03', 3, 3),
(1349, 1046.1, '2022-11-22 23:13:03', 5, 3),
(1350, 1045.5, '2022-11-22 23:13:03', 6, 3),
(1351, 19.6, '2022-11-22 23:13:04', 1, 1),
(1352, 19.9, '2022-11-22 23:13:04', 2, 1),
(1353, 19.4, '2022-11-22 23:13:04', 5, 1),
(1354, 19.5, '2022-11-22 23:13:04', 6, 1),
(1355, 21.4, '2022-11-22 23:13:04', 4, 1),
(1356, 19.7, '2022-11-22 23:13:04', 3, 1),
(1357, 50.8, '2022-11-22 23:13:04', 1, 2),
(1358, 50.7, '2022-11-22 23:13:04', 3, 2),
(1359, 49.9, '2022-11-22 23:13:04', 2, 2),
(1360, 49.3, '2022-11-22 23:13:04', 5, 2),
(1361, 50.2, '2022-11-22 23:13:04', 6, 2),
(1362, 1044.4, '2022-11-22 23:13:04', 1, 3),
(1363, 49.6, '2022-11-22 23:13:04', 4, 2),
(1364, 1046, '2022-11-22 23:13:04', 3, 3),
(1365, 1044.3, '2022-11-22 23:13:04', 4, 3),
(1366, 1044.3, '2022-11-22 23:13:04', 2, 3),
(1367, 1046.1, '2022-11-22 23:13:04', 5, 3),
(1368, 1045.6, '2022-11-22 23:13:04', 6, 3),
(1369, 19.8, '2022-11-22 23:13:04', 2, 1),
(1370, 19.6, '2022-11-22 23:13:04', 3, 1),
(1371, 19.6, '2022-11-22 23:13:04', 1, 1),
(1372, 19.4, '2022-11-22 23:13:04', 5, 1),
(1373, 21.5, '2022-11-22 23:13:04', 4, 1),
(1374, 19.4, '2022-11-22 23:13:04', 6, 1),
(1375, 50.9, '2022-11-22 23:13:04', 1, 2),
(1376, 49.7, '2022-11-22 23:13:04', 4, 2),
(1377, 50.7, '2022-11-22 23:13:04', 3, 2),
(1378, 49.3, '2022-11-22 23:13:04', 5, 2),
(1379, 49.9, '2022-11-22 23:13:04', 2, 2),
(1380, 1044.5, '2022-11-22 23:13:04', 1, 3),
(1381, 1044.2, '2022-11-22 23:13:04', 2, 3),
(1382, 50.3, '2022-11-22 23:13:04', 6, 2),
(1383, 1044.3, '2022-11-22 23:13:04', 4, 3),
(1384, 1045.9, '2022-11-22 23:13:04', 3, 3),
(1385, 1046, '2022-11-22 23:13:04', 5, 3),
(1386, 1045.5, '2022-11-22 23:13:04', 6, 3),
(1387, 19.6, '2022-11-22 23:13:05', 1, 1),
(1388, 19.9, '2022-11-22 23:13:05', 2, 1),
(1389, 50.9, '2022-11-22 23:13:05', 1, 2),
(1390, 21.6, '2022-11-22 23:13:05', 4, 1),
(1391, 19.3, '2022-11-22 23:13:05', 5, 1),
(1392, 19.5, '2022-11-22 23:13:05', 6, 1),
(1393, 19.6, '2022-11-22 23:13:05', 3, 1),
(1394, 49.9, '2022-11-22 23:13:05', 2, 2),
(1395, 50.8, '2022-11-22 23:13:05', 3, 2),
(1396, 49.8, '2022-11-22 23:13:05', 4, 2),
(1397, 49.3, '2022-11-22 23:13:05', 5, 2),
(1398, 1044.4, '2022-11-22 23:13:05', 1, 3),
(1399, 50.3, '2022-11-22 23:13:05', 6, 2),
(1400, 1045.8, '2022-11-22 23:13:05', 3, 3),
(1401, 1044.2, '2022-11-22 23:13:05', 2, 3),
(1402, 1044.3, '2022-11-22 23:13:05', 4, 3),
(1403, 1046.1, '2022-11-22 23:13:05', 5, 3),
(1404, 1045.6, '2022-11-22 23:13:05', 6, 3),
(1405, 20, '2022-11-22 23:13:06', 2, 1),
(1406, 19.7, '2022-11-22 23:13:06', 3, 1),
(1407, 19.7, '2022-11-22 23:13:06', 1, 1),
(1408, 21.6, '2022-11-22 23:13:06', 4, 1),
(1409, 19.3, '2022-11-22 23:13:06', 5, 1),
(1410, 19.6, '2022-11-22 23:13:06', 6, 1),
(1411, 51, '2022-11-22 23:13:06', 1, 2),
(1412, 49.8, '2022-11-22 23:13:06', 2, 2),
(1413, 50.7, '2022-11-22 23:13:06', 3, 2),
(1414, 49.9, '2022-11-22 23:13:06', 4, 2),
(1415, 50.4, '2022-11-22 23:13:06', 6, 2),
(1416, 1044.5, '2022-11-22 23:13:06', 1, 3),
(1417, 1044.1, '2022-11-22 23:13:06', 2, 3),
(1418, 49.4, '2022-11-22 23:13:06', 5, 2),
(1419, 1044.2, '2022-11-22 23:13:06', 4, 3),
(1420, 1045.9, '2022-11-22 23:13:06', 3, 3),
(1421, 1046.2, '2022-11-22 23:13:06', 5, 3),
(1422, 1045.7, '2022-11-22 23:13:06', 6, 3),
(1423, 20, '2022-11-22 23:13:06', 2, 1),
(1424, 19.6, '2022-11-22 23:13:06', 1, 1),
(1425, 19.7, '2022-11-22 23:13:06', 3, 1),
(1426, 19.2, '2022-11-22 23:13:06', 5, 1),
(1427, 21.6, '2022-11-22 23:13:06', 4, 1),
(1428, 50.9, '2022-11-22 23:13:06', 1, 2),
(1429, 50.6, '2022-11-22 23:13:06', 3, 2),
(1430, 49.9, '2022-11-22 23:13:06', 2, 2),
(1431, 49.9, '2022-11-22 23:13:06', 4, 2),
(1432, 19.7, '2022-11-22 23:13:06', 6, 1),
(1433, 49.4, '2022-11-22 23:13:06', 5, 2),
(1434, 50.5, '2022-11-22 23:13:06', 6, 2),
(1435, 1044.5, '2022-11-22 23:13:06', 1, 3),
(1436, 1044.2, '2022-11-22 23:13:06', 2, 3),
(1437, 1045.9, '2022-11-22 23:13:06', 3, 3),
(1438, 1044.2, '2022-11-22 23:13:06', 4, 3),
(1439, 1046.2, '2022-11-22 23:13:06', 5, 3),
(1440, 1045.6, '2022-11-22 23:13:06', 6, 3),
(1441, 20, '2022-11-22 23:13:07', 2, 1),
(1442, 19.8, '2022-11-22 23:13:07', 3, 1),
(1443, 21.6, '2022-11-22 23:13:07', 4, 1),
(1444, 19.3, '2022-11-22 23:13:07', 5, 1),
(1445, 51, '2022-11-22 23:13:07', 1, 2),
(1446, 19.5, '2022-11-22 23:13:07', 1, 1),
(1447, 19.8, '2022-11-22 23:13:07', 6, 1),
(1448, 50.5, '2022-11-22 23:13:07', 3, 2),
(1449, 49.9, '2022-11-22 23:13:07', 4, 2),
(1450, 49.8, '2022-11-22 23:13:07', 2, 2),
(1451, 1044.4, '2022-11-22 23:13:07', 1, 3),
(1452, 49.5, '2022-11-22 23:13:07', 5, 2),
(1453, 50.4, '2022-11-22 23:13:07', 6, 2),
(1454, 1044.1, '2022-11-22 23:13:07', 4, 3),
(1455, 1046, '2022-11-22 23:13:07', 3, 3),
(1456, 1046.3, '2022-11-22 23:13:07', 5, 3),
(1457, 1045.7, '2022-11-22 23:13:07', 6, 3),
(1458, 1044.2, '2022-11-22 23:13:07', 2, 3),
(1459, 19.6, '2022-11-22 23:13:07', 1, 1),
(1460, 19.8, '2022-11-22 23:13:07', 3, 1),
(1461, 19.9, '2022-11-22 23:13:07', 2, 1),
(1462, 21.6, '2022-11-22 23:13:07', 4, 1),
(1463, 19.9, '2022-11-22 23:13:07', 6, 1),
(1464, 19.3, '2022-11-22 23:13:07', 5, 1),
(1465, 50.5, '2022-11-22 23:13:07', 3, 2),
(1466, 49.8, '2022-11-22 23:13:07', 2, 2),
(1467, 51, '2022-11-22 23:13:07', 1, 2),
(1468, 49.8, '2022-11-22 23:13:07', 4, 2),
(1469, 1044.5, '2022-11-22 23:13:07', 1, 3),
(1470, 49.6, '2022-11-22 23:13:07', 5, 2),
(1471, 1046.1, '2022-11-22 23:13:07', 3, 3),
(1472, 1044.2, '2022-11-22 23:13:07', 2, 3),
(1473, 1044, '2022-11-22 23:13:07', 4, 3),
(1474, 50.4, '2022-11-22 23:13:07', 6, 2),
(1475, 1046.3, '2022-11-22 23:13:07', 5, 3),
(1476, 1045.8, '2022-11-22 23:13:07', 6, 3),
(1477, 19.8, '2022-11-22 23:13:29', 2, 1),
(1478, 19.7, '2022-11-22 23:13:29', 1, 1),
(1479, 19.8, '2022-11-22 23:13:29', 3, 1),
(1480, 21.7, '2022-11-22 23:13:29', 4, 1),
(1481, 19.2, '2022-11-22 23:13:29', 5, 1),
(1482, 20, '2022-11-22 23:13:29', 6, 1),
(1483, 49.7, '2022-11-22 23:13:29', 2, 2),
(1484, 50.9, '2022-11-22 23:13:29', 1, 2),
(1485, 49.7, '2022-11-22 23:13:29', 4, 2),
(1486, 50.4, '2022-11-22 23:13:29', 6, 2),
(1487, 50.4, '2022-11-22 23:13:29', 3, 2),
(1488, 1044.3, '2022-11-22 23:13:29', 2, 3),
(1489, 1046.2, '2022-11-22 23:13:29', 3, 3),
(1490, 1046.4, '2022-11-22 23:13:29', 5, 3),
(1491, 1045.7, '2022-11-22 23:13:29', 6, 3),
(1492, 1044, '2022-11-22 23:13:29', 4, 3),
(1493, 49.7, '2022-11-22 23:13:29', 5, 2),
(1494, 1044.6, '2022-11-22 23:13:29', 1, 3),
(1495, 19.7, '2022-11-22 23:13:54', 2, 1),
(1496, 19.7, '2022-11-22 23:13:54', 1, 1),
(1497, 19.8, '2022-11-22 23:13:54', 3, 1),
(1498, 21.6, '2022-11-22 23:13:54', 4, 1),
(1499, 19.1, '2022-11-22 23:13:54', 5, 1),
(1500, 19.9, '2022-11-22 23:13:54', 6, 1),
(1501, 49.6, '2022-11-22 23:13:54', 2, 2),
(1502, 50.8, '2022-11-22 23:13:54', 1, 2),
(1503, 50.5, '2022-11-22 23:13:54', 3, 2),
(1504, 49.8, '2022-11-22 23:13:54', 4, 2),
(1505, 49.7, '2022-11-22 23:13:54', 5, 2),
(1506, 50.3, '2022-11-22 23:13:54', 6, 2),
(1507, 1044.4, '2022-11-22 23:13:54', 2, 3),
(1508, 1044.5, '2022-11-22 23:13:54', 1, 3),
(1509, 1043.9, '2022-11-22 23:13:54', 4, 3),
(1510, 1045.7, '2022-11-22 23:13:54', 6, 3),
(1511, 1046.4, '2022-11-22 23:13:54', 5, 3),
(1512, 1046.3, '2022-11-22 23:13:54', 3, 3),
(1513, 19.8, '2022-11-22 23:13:56', 1, 1),
(1514, 19.8, '2022-11-22 23:13:56', 3, 1),
(1515, 21.7, '2022-11-22 23:13:56', 4, 1),
(1516, 19.1, '2022-11-22 23:13:56', 5, 1),
(1517, 19.8, '2022-11-22 23:13:56', 2, 1),
(1518, 50.7, '2022-11-22 23:13:56', 1, 2),
(1519, 49.7, '2022-11-22 23:13:56', 2, 2),
(1520, 49.8, '2022-11-22 23:13:56', 4, 2),
(1521, 50.5, '2022-11-22 23:13:56', 3, 2),
(1522, 49.7, '2022-11-22 23:13:56', 5, 2),
(1523, 20, '2022-11-22 23:13:56', 6, 1),
(1524, 1044.5, '2022-11-22 23:13:56', 2, 3),
(1525, 1044, '2022-11-22 23:13:56', 4, 3),
(1526, 1046.2, '2022-11-22 23:13:56', 3, 3),
(1527, 1044.5, '2022-11-22 23:13:56', 1, 3),
(1528, 50.2, '2022-11-22 23:13:56', 6, 2),
(1529, 1045.6, '2022-11-22 23:13:56', 6, 3),
(1530, 1046.5, '2022-11-22 23:13:56', 5, 3),
(1531, 19.8, '2022-11-22 23:13:57', 1, 1),
(1532, 19.2, '2022-11-22 23:13:57', 5, 1),
(1533, 19.8, '2022-11-22 23:13:57', 2, 1),
(1534, 19.9, '2022-11-22 23:13:57', 3, 1),
(1535, 21.8, '2022-11-22 23:13:57', 4, 1),
(1536, 20, '2022-11-22 23:13:57', 6, 1),
(1537, 50.8, '2022-11-22 23:13:57', 1, 2),
(1538, 50.4, '2022-11-22 23:13:57', 3, 2),
(1539, 49.6, '2022-11-22 23:13:57', 5, 2),
(1540, 50.1, '2022-11-22 23:13:57', 6, 2),
(1541, 49.6, '2022-11-22 23:13:57', 2, 2),
(1542, 49.9, '2022-11-22 23:13:57', 4, 2),
(1543, 1044.5, '2022-11-22 23:13:57', 1, 3),
(1544, 1044.5, '2022-11-22 23:13:57', 2, 3),
(1545, 1046.1, '2022-11-22 23:13:57', 3, 3),
(1546, 1043.9, '2022-11-22 23:13:57', 4, 3),
(1547, 1046.6, '2022-11-22 23:13:57', 5, 3),
(1548, 1045.5, '2022-11-22 23:13:57', 6, 3),
(1549, 19.7, '2022-11-22 23:13:58', 2, 1),
(1550, 20, '2022-11-22 23:13:58', 3, 1),
(1551, 19.7, '2022-11-22 23:13:58', 1, 1),
(1552, 19.3, '2022-11-22 23:13:58', 5, 1),
(1553, 20.1, '2022-11-22 23:13:58', 6, 1),
(1554, 50.8, '2022-11-22 23:13:58', 1, 2),
(1555, 49.6, '2022-11-22 23:13:58', 2, 2),
(1556, 21.7, '2022-11-22 23:13:58', 4, 1),
(1557, 50.4, '2022-11-22 23:13:58', 3, 2),
(1558, 49.9, '2022-11-22 23:13:58', 4, 2),
(1559, 1044.5, '2022-11-22 23:13:58', 2, 3),
(1560, 50.2, '2022-11-22 23:13:58', 6, 2),
(1561, 49.6, '2022-11-22 23:13:58', 5, 2),
(1562, 1044.4, '2022-11-22 23:13:58', 1, 3),
(1563, 1046.6, '2022-11-22 23:13:58', 5, 3),
(1564, 1046.1, '2022-11-22 23:13:58', 3, 3),
(1565, 1045.6, '2022-11-22 23:13:58', 6, 3),
(1566, 1044, '2022-11-22 23:13:58', 4, 3),
(1567, 19.8, '2022-11-22 23:13:59', 1, 1),
(1568, 19.6, '2022-11-22 23:13:59', 2, 1),
(1569, 20, '2022-11-22 23:13:59', 3, 1),
(1570, 19.2, '2022-11-22 23:13:59', 5, 1),
(1571, 21.6, '2022-11-22 23:13:59', 4, 1),
(1572, 20, '2022-11-22 23:13:59', 6, 1),
(1573, 49.5, '2022-11-22 23:13:59', 2, 2),
(1574, 50.4, '2022-11-22 23:13:59', 3, 2),
(1575, 50.8, '2022-11-22 23:13:59', 1, 2),
(1576, 49.8, '2022-11-22 23:13:59', 4, 2),
(1577, 49.5, '2022-11-22 23:13:59', 5, 2),
(1578, 50.3, '2022-11-22 23:13:59', 6, 2),
(1579, 1044.4, '2022-11-22 23:13:59', 1, 3),
(1580, 1044.6, '2022-11-22 23:13:59', 2, 3),
(1581, 1043.9, '2022-11-22 23:13:59', 4, 3),
(1582, 1046.2, '2022-11-22 23:13:59', 3, 3),
(1583, 1046.5, '2022-11-22 23:13:59', 5, 3),
(1584, 1045.5, '2022-11-22 23:13:59', 6, 3),
(1585, 20, '2022-11-22 23:14:00', 3, 1),
(1586, 19.7, '2022-11-22 23:14:00', 2, 1),
(1587, 19.7, '2022-11-22 23:14:00', 1, 1),
(1588, 19.1, '2022-11-22 23:14:00', 5, 1),
(1589, 21.6, '2022-11-22 23:14:00', 4, 1),
(1590, 50.9, '2022-11-22 23:14:00', 1, 2),
(1591, 49.4, '2022-11-22 23:14:00', 2, 2),
(1592, 50.4, '2022-11-22 23:14:00', 3, 2),
(1593, 19.9, '2022-11-22 23:14:00', 6, 1),
(1594, 49.8, '2022-11-22 23:14:00', 4, 2),
(1595, 50.3, '2022-11-22 23:14:00', 6, 2),
(1596, 49.5, '2022-11-22 23:14:00', 5, 2),
(1597, 1044.5, '2022-11-22 23:14:00', 2, 3),
(1598, 1046.2, '2022-11-22 23:14:00', 3, 3),
(1599, 1043.8, '2022-11-22 23:14:00', 4, 3),
(1600, 1046.4, '2022-11-22 23:14:00', 5, 3),
(1601, 1044.3, '2022-11-22 23:14:00', 1, 3),
(1602, 1045.6, '2022-11-22 23:14:00', 6, 3),
(1603, 19.8, '2022-11-22 23:14:03', 1, 1),
(1604, 20.1, '2022-11-22 23:14:03', 3, 1),
(1605, 20, '2022-11-22 23:14:03', 6, 1),
(1606, 19, '2022-11-22 23:14:03', 5, 1),
(1607, 21.5, '2022-11-22 23:14:03', 4, 1),
(1608, 19.6, '2022-11-22 23:14:03', 2, 1),
(1609, 49.3, '2022-11-22 23:14:03', 2, 2),
(1610, 50.5, '2022-11-22 23:14:04', 3, 2),
(1611, 50.8, '2022-11-22 23:14:04', 1, 2),
(1612, 49.8, '2022-11-22 23:14:04', 4, 2),
(1613, 49.6, '2022-11-22 23:14:04', 5, 2),
(1614, 1046.3, '2022-11-22 23:14:04', 3, 3),
(1615, 1044.4, '2022-11-22 23:14:04', 1, 3),
(1616, 50.3, '2022-11-22 23:14:04', 6, 2),
(1617, 1044.6, '2022-11-22 23:14:04', 2, 3),
(1618, 1045.6, '2022-11-22 23:14:04', 6, 3),
(1619, 1046.3, '2022-11-22 23:14:04', 5, 3),
(1620, 1043.8, '2022-11-22 23:14:04', 4, 3),
(1621, 19.7, '2022-11-22 23:14:07', 2, 1),
(1622, 20, '2022-11-22 23:14:07', 3, 1),
(1623, 19, '2022-11-22 23:14:07', 5, 1),
(1624, 19.7, '2022-11-22 23:14:07', 1, 1),
(1625, 50.7, '2022-11-22 23:14:07', 1, 2),
(1626, 21.5, '2022-11-22 23:14:07', 4, 1),
(1627, 20.1, '2022-11-22 23:14:07', 6, 1),
(1628, 49.2, '2022-11-22 23:14:07', 2, 2),
(1629, 50.4, '2022-11-22 23:14:07', 3, 2),
(1630, 49.8, '2022-11-22 23:14:07', 4, 2),
(1631, 49.5, '2022-11-22 23:14:07', 5, 2),
(1632, 50.4, '2022-11-22 23:14:07', 6, 2),
(1633, 1044.6, '2022-11-22 23:14:07', 2, 3),
(1634, 1046.3, '2022-11-22 23:14:07', 3, 3),
(1635, 1044.5, '2022-11-22 23:14:07', 1, 3),
(1636, 1045.6, '2022-11-22 23:14:07', 6, 3),
(1637, 1043.9, '2022-11-22 23:14:07', 4, 3),
(1638, 1046.2, '2022-11-22 23:14:07', 5, 3),
(1639, 19.7, '2022-11-22 23:14:08', 1, 1),
(1640, 20.1, '2022-11-22 23:14:08', 3, 1),
(1641, 19.7, '2022-11-22 23:14:08', 2, 1),
(1642, 20, '2022-11-22 23:14:08', 6, 1),
(1643, 21.6, '2022-11-22 23:14:08', 4, 1),
(1644, 49.1, '2022-11-22 23:14:08', 2, 2),
(1645, 50.7, '2022-11-22 23:14:08', 1, 2),
(1646, 19, '2022-11-22 23:14:08', 5, 1),
(1647, 50.3, '2022-11-22 23:14:08', 3, 2),
(1648, 49.7, '2022-11-22 23:14:08', 4, 2),
(1649, 49.4, '2022-11-22 23:14:08', 5, 2),
(1650, 1044.4, '2022-11-22 23:14:08', 1, 3),
(1651, 50.4, '2022-11-22 23:14:08', 6, 2),
(1652, 1046.4, '2022-11-22 23:14:08', 3, 3),
(1653, 1044.7, '2022-11-22 23:14:08', 2, 3),
(1654, 1044, '2022-11-22 23:14:08', 4, 3),
(1655, 1045.7, '2022-11-22 23:14:08', 6, 3),
(1656, 1046.3, '2022-11-22 23:14:08', 5, 3),
(1657, 19.7, '2022-11-22 23:14:10', 1, 1),
(1658, 19.6, '2022-11-22 23:14:10', 2, 1),
(1659, 20.2, '2022-11-22 23:14:10', 3, 1),
(1660, 19.1, '2022-11-22 23:14:10', 5, 1),
(1661, 50.8, '2022-11-22 23:14:10', 1, 2),
(1662, 20.1, '2022-11-22 23:14:10', 6, 1),
(1663, 49.2, '2022-11-22 23:14:10', 2, 2),
(1664, 49.6, '2022-11-22 23:14:10', 4, 2),
(1665, 21.6, '2022-11-22 23:14:10', 4, 1),
(1666, 50.3, '2022-11-22 23:14:10', 3, 2),
(1667, 49.4, '2022-11-22 23:14:10', 5, 2),
(1668, 1044.5, '2022-11-22 23:14:10', 1, 3),
(1669, 50.4, '2022-11-22 23:14:10', 6, 2),
(1670, 1046.4, '2022-11-22 23:14:10', 3, 3),
(1671, 1044.1, '2022-11-22 23:14:10', 4, 3),
(1672, 1046.2, '2022-11-22 23:14:10', 5, 3),
(1673, 1045.6, '2022-11-22 23:14:10', 6, 3),
(1674, 1044.8, '2022-11-22 23:14:10', 2, 3),
(1675, 19.6, '2022-11-22 23:14:11', 2, 1),
(1676, 20.1, '2022-11-22 23:14:11', 3, 1),
(1677, 21.5, '2022-11-22 23:14:11', 4, 1),
(1678, 19.6, '2022-11-22 23:14:11', 1, 1),
(1679, 19.2, '2022-11-22 23:14:11', 5, 1),
(1680, 20.1, '2022-11-22 23:14:11', 6, 1),
(1681, 50.9, '2022-11-22 23:14:11', 1, 2),
(1682, 49.3, '2022-11-22 23:14:11', 2, 2),
(1683, 50.3, '2022-11-22 23:14:11', 3, 2),
(1684, 49.6, '2022-11-22 23:14:11', 4, 2),
(1685, 49.5, '2022-11-22 23:14:11', 5, 2),
(1686, 50.5, '2022-11-22 23:14:11', 6, 2),
(1687, 1044.6, '2022-11-22 23:14:11', 1, 3),
(1688, 1044.8, '2022-11-22 23:14:11', 2, 3),
(1689, 1046.3, '2022-11-22 23:14:11', 3, 3),
(1690, 1044.2, '2022-11-22 23:14:11', 4, 3),
(1691, 1045.5, '2022-11-22 23:14:11', 6, 3),
(1692, 1046.2, '2022-11-22 23:14:11', 5, 3),
(1693, 19.5, '2022-11-22 23:14:11', 2, 1),
(1694, 20, '2022-11-22 23:14:11', 3, 1),
(1695, 19.5, '2022-11-22 23:14:11', 1, 1),
(1696, 19.1, '2022-11-22 23:14:11', 5, 1),
(1697, 20, '2022-11-22 23:14:11', 6, 1),
(1698, 21.5, '2022-11-22 23:14:11', 4, 1),
(1699, 50.9, '2022-11-22 23:14:11', 1, 2),
(1700, 49.2, '2022-11-22 23:14:11', 2, 2),
(1701, 50.3, '2022-11-22 23:14:11', 3, 2),
(1702, 49.6, '2022-11-22 23:14:11', 4, 2),
(1703, 49.5, '2022-11-22 23:14:11', 5, 2),
(1704, 50.5, '2022-11-22 23:14:11', 6, 2),
(1705, 1046.2, '2022-11-22 23:14:11', 3, 3),
(1706, 1044.8, '2022-11-22 23:14:11', 2, 3),
(1707, 1044.1, '2022-11-22 23:14:11', 4, 3),
(1708, 1044.7, '2022-11-22 23:14:11', 1, 3),
(1709, 1046.1, '2022-11-22 23:14:11', 5, 3),
(1710, 1045.6, '2022-11-22 23:14:12', 6, 3),
(1711, 20, '2022-11-22 23:14:12', 3, 1),
(1712, 19.4, '2022-11-22 23:14:12', 1, 1),
(1713, 21.5, '2022-11-22 23:14:12', 4, 1),
(1714, 19.2, '2022-11-22 23:14:12', 5, 1),
(1715, 19.6, '2022-11-22 23:14:12', 2, 1),
(1716, 20, '2022-11-22 23:14:12', 6, 1),
(1717, 49.2, '2022-11-22 23:14:12', 2, 2),
(1718, 50.9, '2022-11-22 23:14:12', 1, 2),
(1719, 49.7, '2022-11-22 23:14:12', 4, 2),
(1720, 50.2, '2022-11-22 23:14:12', 3, 2),
(1721, 49.6, '2022-11-22 23:14:12', 5, 2),
(1722, 50.4, '2022-11-22 23:14:12', 6, 2),
(1723, 1044.6, '2022-11-22 23:14:12', 1, 3),
(1724, 1046.2, '2022-11-22 23:14:12', 3, 3),
(1725, 1044.7, '2022-11-22 23:14:12', 2, 3),
(1726, 1044.1, '2022-11-22 23:14:12', 4, 3),
(1727, 1045.7, '2022-11-22 23:14:12', 6, 3),
(1728, 1046.2, '2022-11-22 23:14:12', 5, 3),
(1729, 19.5, '2022-11-22 23:18:01', 1, 1),
(1730, 19.6, '2022-11-22 23:18:01', 2, 1),
(1731, 20.1, '2022-11-22 23:18:01', 3, 1),
(1732, 19.2, '2022-11-22 23:18:01', 5, 1),
(1733, 21.5, '2022-11-22 23:18:01', 4, 1),
(1734, 20, '2022-11-22 23:18:01', 6, 1),
(1735, 50.2, '2022-11-22 23:18:01', 3, 2),
(1736, 49.7, '2022-11-22 23:18:01', 5, 2),
(1737, 50.9, '2022-11-22 23:18:01', 1, 2),
(1738, 49.2, '2022-11-22 23:18:01', 2, 2),
(1739, 50.3, '2022-11-22 23:18:01', 6, 2),
(1740, 1044.6, '2022-11-22 23:18:01', 1, 3),
(1741, 1046.1, '2022-11-22 23:18:01', 5, 3),
(1742, 1044.7, '2022-11-22 23:18:01', 2, 3),
(1743, 1044.1, '2022-11-22 23:18:01', 4, 3),
(1744, 1046.3, '2022-11-22 23:18:01', 3, 3),
(1745, 49.7, '2022-11-22 23:18:01', 4, 2),
(1746, 1045.7, '2022-11-22 23:18:01', 6, 3),
(1747, 19.7, '2022-11-22 23:18:02', 2, 1),
(1748, 19.2, '2022-11-22 23:18:02', 5, 1),
(1749, 19.4, '2022-11-22 23:18:02', 1, 1),
(1750, 21.5, '2022-11-22 23:18:02', 4, 1),
(1751, 20, '2022-11-22 23:18:02', 3, 1),
(1752, 50.9, '2022-11-22 23:18:02', 1, 2),
(1753, 19.9, '2022-11-22 23:18:02', 6, 1),
(1754, 50.3, '2022-11-22 23:18:02', 3, 2),
(1755, 49.7, '2022-11-22 23:18:02', 4, 2),
(1756, 49.8, '2022-11-22 23:18:02', 5, 2),
(1757, 49.1, '2022-11-22 23:18:02', 2, 2),
(1758, 1044.7, '2022-11-22 23:18:02', 1, 3),
(1759, 1044.7, '2022-11-22 23:18:02', 2, 3),
(1760, 1046.3, '2022-11-22 23:18:02', 3, 3),
(1761, 50.4, '2022-11-22 23:18:02', 6, 2),
(1762, 1046.2, '2022-11-22 23:18:02', 5, 3),
(1763, 1045.8, '2022-11-22 23:18:02', 6, 3),
(1764, 1044, '2022-11-22 23:18:02', 4, 3),
(1765, 19.6, '2022-11-22 23:18:03', 2, 1),
(1766, 20, '2022-11-22 23:18:03', 3, 1),
(1767, 19.3, '2022-11-22 23:18:03', 1, 1),
(1768, 21.6, '2022-11-22 23:18:03', 4, 1),
(1769, 19.3, '2022-11-22 23:18:03', 5, 1),
(1770, 50.3, '2022-11-22 23:18:03', 3, 2),
(1771, 49.7, '2022-11-22 23:18:03', 4, 2),
(1772, 51, '2022-11-22 23:18:03', 1, 2),
(1773, 20, '2022-11-22 23:18:03', 6, 1),
(1774, 49.2, '2022-11-22 23:18:03', 2, 2),
(1775, 49.7, '2022-11-22 23:18:03', 5, 2),
(1776, 1044.8, '2022-11-22 23:18:03', 2, 3),
(1777, 1044.6, '2022-11-22 23:18:03', 1, 3),
(1778, 50.4, '2022-11-22 23:18:03', 6, 2),
(1779, 1046.2, '2022-11-22 23:18:03', 5, 3),
(1780, 1046.3, '2022-11-22 23:18:03', 3, 3),
(1781, 1045.8, '2022-11-22 23:18:03', 6, 3),
(1782, 1043.9, '2022-11-22 23:18:03', 4, 3),
(1783, 19.6, '2022-11-22 23:18:04', 2, 1),
(1784, 20.1, '2022-11-22 23:18:04', 3, 1),
(1785, 19.4, '2022-11-22 23:18:04', 1, 1),
(1786, 21.5, '2022-11-22 23:18:04', 4, 1),
(1787, 19.2, '2022-11-22 23:18:04', 5, 1),
(1788, 49.2, '2022-11-22 23:18:04', 2, 2),
(1789, 19.9, '2022-11-22 23:18:04', 6, 1),
(1790, 51, '2022-11-22 23:18:04', 1, 2),
(1791, 49.7, '2022-11-22 23:18:04', 4, 2),
(1792, 50.4, '2022-11-22 23:18:04', 3, 2),
(1793, 49.7, '2022-11-22 23:18:04', 5, 2),
(1794, 50.3, '2022-11-22 23:18:04', 6, 2),
(1795, 1044.5, '2022-11-22 23:18:04', 1, 3),
(1796, 1046.4, '2022-11-22 23:18:04', 3, 3),
(1797, 1044.7, '2022-11-22 23:18:04', 2, 3),
(1798, 1046.2, '2022-11-22 23:18:04', 5, 3),
(1799, 1045.7, '2022-11-22 23:18:04', 6, 3),
(1800, 1043.9, '2022-11-22 23:18:04', 4, 3),
(1801, 19.4, '2022-11-22 23:18:04', 1, 1),
(1802, 20, '2022-11-22 23:18:04', 3, 1),
(1803, 19.3, '2022-11-22 23:18:04', 5, 1),
(1804, 20, '2022-11-22 23:18:04', 6, 1),
(1805, 19.5, '2022-11-22 23:18:04', 2, 1),
(1806, 21.6, '2022-11-22 23:18:04', 4, 1),
(1807, 50.9, '2022-11-22 23:18:04', 1, 2),
(1808, 50.4, '2022-11-22 23:18:04', 3, 2),
(1809, 49.2, '2022-11-22 23:18:04', 2, 2),
(1810, 49.8, '2022-11-22 23:18:04', 4, 2),
(1811, 50.2, '2022-11-22 23:18:04', 6, 2),
(1812, 49.7, '2022-11-22 23:18:04', 5, 2),
(1813, 1044.5, '2022-11-22 23:18:04', 1, 3),
(1814, 1046.5, '2022-11-22 23:18:04', 3, 3),
(1815, 1043.9, '2022-11-22 23:18:04', 4, 3),
(1816, 1044.7, '2022-11-22 23:18:04', 2, 3),
(1817, 1045.6, '2022-11-22 23:18:04', 6, 3),
(1818, 1046.2, '2022-11-22 23:18:04', 5, 3),
(1819, 19.4, '2022-11-22 23:18:05', 1, 1),
(1820, 19.5, '2022-11-22 23:18:05', 2, 1),
(1821, 20.1, '2022-11-22 23:18:05', 3, 1),
(1822, 21.6, '2022-11-22 23:18:05', 4, 1),
(1823, 20.1, '2022-11-22 23:18:05', 6, 1),
(1824, 50.9, '2022-11-22 23:18:05', 1, 2),
(1825, 49.2, '2022-11-22 23:18:05', 2, 2),
(1826, 50.4, '2022-11-22 23:18:05', 3, 2),
(1827, 19.4, '2022-11-22 23:18:05', 5, 1),
(1828, 49.7, '2022-11-22 23:18:05', 5, 2),
(1829, 50.3, '2022-11-22 23:18:05', 6, 2),
(1830, 49.8, '2022-11-22 23:18:05', 4, 2),
(1831, 1044.4, '2022-11-22 23:18:05', 1, 3),
(1832, 1043.9, '2022-11-22 23:18:05', 4, 3),
(1833, 1046.5, '2022-11-22 23:18:05', 3, 3),
(1834, 1044.7, '2022-11-22 23:18:05', 2, 3),
(1835, 1046.2, '2022-11-22 23:18:05', 5, 3),
(1836, 1045.6, '2022-11-22 23:18:05', 6, 3),
(1837, 19.4, '2022-11-22 23:18:06', 2, 1),
(1838, 19.3, '2022-11-22 23:18:06', 1, 1),
(1839, 20.2, '2022-11-22 23:18:06', 3, 1),
(1840, 21.5, '2022-11-22 23:18:06', 4, 1),
(1841, 19.3, '2022-11-22 23:18:06', 5, 1),
(1842, 20.1, '2022-11-22 23:18:06', 6, 1),
(1843, 51, '2022-11-22 23:18:06', 1, 2),
(1844, 49.8, '2022-11-22 23:18:06', 4, 2),
(1845, 50.4, '2022-11-22 23:18:06', 3, 2),
(1846, 49.6, '2022-11-22 23:18:06', 5, 2),
(1847, 49.2, '2022-11-22 23:18:06', 2, 2),
(1848, 50.4, '2022-11-22 23:18:06', 6, 2),
(1849, 1044.5, '2022-11-22 23:18:06', 1, 3),
(1850, 1044.6, '2022-11-22 23:18:06', 2, 3),
(1851, 1046.4, '2022-11-22 23:18:06', 3, 3),
(1852, 1043.8, '2022-11-22 23:18:06', 4, 3),
(1853, 1046.1, '2022-11-22 23:18:06', 5, 3),
(1854, 1045.5, '2022-11-22 23:18:06', 6, 3),
(1855, 19.3, '2022-11-22 23:18:06', 1, 1),
(1856, 19.4, '2022-11-22 23:18:06', 2, 1),
(1857, 21.6, '2022-11-22 23:18:06', 4, 1),
(1858, 19.3, '2022-11-22 23:18:06', 5, 1),
(1859, 20.3, '2022-11-22 23:18:06', 3, 1),
(1860, 20.1, '2022-11-22 23:18:06', 6, 1),
(1861, 49.1, '2022-11-22 23:18:06', 2, 2),
(1862, 51, '2022-11-22 23:18:06', 1, 2),
(1863, 50.4, '2022-11-22 23:18:06', 3, 2),
(1864, 49.9, '2022-11-22 23:18:06', 4, 2),
(1865, 50.4, '2022-11-22 23:18:06', 6, 2),
(1866, 1044.4, '2022-11-22 23:18:06', 1, 3),
(1867, 49.5, '2022-11-22 23:18:06', 5, 2),
(1868, 1044.7, '2022-11-22 23:18:06', 2, 3),
(1869, 1046.4, '2022-11-22 23:18:06', 3, 3),
(1870, 1046.1, '2022-11-22 23:18:06', 5, 3),
(1871, 1043.9, '2022-11-22 23:18:06', 4, 3),
(1872, 1045.4, '2022-11-22 23:18:06', 6, 3),
(1873, 19.2, '2022-11-22 23:18:07', 1, 1),
(1874, 19.3, '2022-11-22 23:18:07', 2, 1),
(1875, 20.4, '2022-11-22 23:18:07', 3, 1),
(1876, 21.6, '2022-11-22 23:18:07', 4, 1),
(1877, 19.4, '2022-11-22 23:18:07', 5, 1),
(1878, 20, '2022-11-22 23:18:07', 6, 1),
(1879, 51.1, '2022-11-22 23:18:07', 1, 2),
(1880, 49, '2022-11-22 23:18:07', 2, 2),
(1881, 50.3, '2022-11-22 23:18:07', 3, 2),
(1882, 49.5, '2022-11-22 23:18:07', 5, 2),
(1883, 50, '2022-11-22 23:18:07', 4, 2),
(1884, 50.4, '2022-11-22 23:18:07', 6, 2),
(1885, 1044.5, '2022-11-22 23:18:07', 1, 3),
(1886, 1044.7, '2022-11-22 23:18:07', 2, 3),
(1887, 1046.5, '2022-11-22 23:18:07', 3, 3),
(1888, 1045.5, '2022-11-22 23:18:07', 6, 3),
(1889, 1043.8, '2022-11-22 23:18:07', 4, 3),
(1890, 1046, '2022-11-22 23:18:07', 5, 3),
(1891, 20.4, '2022-11-22 23:18:08', 3, 1),
(1892, 19.2, '2022-11-22 23:18:08', 1, 1),
(1893, 19.3, '2022-11-22 23:18:08', 2, 1),
(1894, 20.1, '2022-11-22 23:18:08', 6, 1),
(1895, 19.4, '2022-11-22 23:18:08', 5, 1),
(1896, 51.2, '2022-11-22 23:18:08', 1, 2),
(1897, 21.6, '2022-11-22 23:18:08', 4, 1),
(1898, 49.1, '2022-11-22 23:18:08', 2, 2),
(1899, 50.1, '2022-11-22 23:18:08', 4, 2),
(1900, 50.4, '2022-11-22 23:18:08', 3, 2),
(1901, 49.6, '2022-11-22 23:18:08', 5, 2),
(1902, 1044.5, '2022-11-22 23:18:08', 1, 3),
(1903, 1044.7, '2022-11-22 23:18:08', 2, 3),
(1904, 1046.6, '2022-11-22 23:18:08', 3, 3),
(1905, 50.5, '2022-11-22 23:18:08', 6, 2),
(1906, 1043.7, '2022-11-22 23:18:08', 4, 3),
(1907, 1045.4, '2022-11-22 23:18:08', 6, 3),
(1908, 1046.1, '2022-11-22 23:18:08', 5, 3),
(1909, 19.1, '2022-11-22 23:18:08', 1, 1),
(1910, 19.2, '2022-11-22 23:18:08', 2, 1),
(1911, 20.3, '2022-11-22 23:18:08', 3, 1),
(1912, 21.7, '2022-11-22 23:18:08', 4, 1),
(1913, 19.5, '2022-11-22 23:18:08', 5, 1),
(1914, 20, '2022-11-22 23:18:08', 6, 1),
(1915, 51.2, '2022-11-22 23:18:08', 1, 2),
(1916, 49.1, '2022-11-22 23:18:08', 2, 2),
(1917, 50.1, '2022-11-22 23:18:08', 4, 2),
(1918, 50.3, '2022-11-22 23:18:08', 3, 2),
(1919, 50.4, '2022-11-22 23:18:08', 6, 2),
(1920, 49.7, '2022-11-22 23:18:08', 5, 2),
(1921, 1044.5, '2022-11-22 23:18:08', 1, 3),
(1922, 1043.7, '2022-11-22 23:18:08', 4, 3),
(1923, 1046.5, '2022-11-22 23:18:08', 3, 3),
(1924, 1044.7, '2022-11-22 23:18:08', 2, 3),
(1925, 1046.1, '2022-11-22 23:18:08', 5, 3),
(1926, 1045.3, '2022-11-22 23:18:08', 6, 3),
(1927, 19.2, '2022-11-22 23:18:09', 1, 1),
(1928, 19.1, '2022-11-22 23:18:09', 2, 1),
(1929, 20.2, '2022-11-22 23:18:09', 3, 1),
(1930, 19.6, '2022-11-22 23:18:09', 5, 1),
(1931, 20.1, '2022-11-22 23:18:09', 6, 1),
(1932, 21.7, '2022-11-22 23:18:09', 4, 1),
(1933, 51.2, '2022-11-22 23:18:09', 1, 2),
(1934, 50.4, '2022-11-22 23:18:09', 3, 2),
(1935, 49.1, '2022-11-22 23:18:09', 2, 2),
(1936, 49.6, '2022-11-22 23:18:09', 5, 2),
(1937, 1044.6, '2022-11-22 23:18:09', 1, 3),
(1938, 50.1, '2022-11-22 23:18:09', 4, 2),
(1939, 50.5, '2022-11-22 23:18:09', 6, 2),
(1940, 1046.4, '2022-11-22 23:18:09', 3, 3),
(1941, 1043.7, '2022-11-22 23:18:09', 4, 3),
(1942, 1044.6, '2022-11-22 23:18:09', 2, 3),
(1943, 1045.3, '2022-11-22 23:18:09', 6, 3),
(1944, 1046.1, '2022-11-22 23:18:09', 5, 3),
(1945, 19.2, '2022-11-22 23:18:10', 2, 1),
(1946, 19.1, '2022-11-22 23:18:10', 1, 1),
(1947, 20.2, '2022-11-22 23:18:10', 3, 1),
(1948, 21.7, '2022-11-22 23:18:10', 4, 1),
(1949, 20, '2022-11-22 23:18:10', 6, 1),
(1950, 19.7, '2022-11-22 23:18:10', 5, 1),
(1951, 51.3, '2022-11-22 23:18:10', 1, 2),
(1952, 50.4, '2022-11-22 23:18:10', 3, 2),
(1953, 50.4, '2022-11-22 23:18:10', 6, 2),
(1954, 49.2, '2022-11-22 23:18:10', 2, 2),
(1955, 49.5, '2022-11-22 23:18:10', 5, 2),
(1956, 50, '2022-11-22 23:18:10', 4, 2),
(1957, 1046.3, '2022-11-22 23:18:10', 3, 3),
(1958, 1044.6, '2022-11-22 23:18:10', 1, 3),
(1959, 1043.6, '2022-11-22 23:18:10', 4, 3),
(1960, 1044.5, '2022-11-22 23:18:10', 2, 3),
(1961, 1045.3, '2022-11-22 23:18:10', 6, 3),
(1962, 1046, '2022-11-22 23:18:10', 5, 3),
(1963, 19.1, '2022-11-22 23:18:10', 1, 1),
(1964, 20.1, '2022-11-22 23:18:10', 3, 1),
(1965, 21.6, '2022-11-22 23:18:10', 4, 1),
(1966, 19.2, '2022-11-22 23:18:10', 2, 1),
(1967, 19.9, '2022-11-22 23:18:10', 6, 1),
(1968, 19.7, '2022-11-22 23:18:10', 5, 1),
(1969, 49.1, '2022-11-22 23:18:10', 2, 2),
(1970, 50.3, '2022-11-22 23:18:10', 3, 2),
(1971, 49.9, '2022-11-22 23:18:10', 4, 2),
(1972, 49.6, '2022-11-22 23:18:10', 5, 2),
(1973, 51.4, '2022-11-22 23:18:10', 1, 2),
(1974, 1044.6, '2022-11-22 23:18:10', 1, 3),
(1975, 1046.4, '2022-11-22 23:18:10', 3, 3),
(1976, 1044.5, '2022-11-22 23:18:10', 2, 3),
(1977, 1045.9, '2022-11-22 23:18:10', 5, 3),
(1978, 50.3, '2022-11-22 23:18:10', 6, 2),
(1979, 1043.6, '2022-11-22 23:18:10', 4, 3),
(1980, 1045.3, '2022-11-22 23:18:10', 6, 3),
(1981, 19.2, '2022-11-22 23:18:11', 1, 1),
(1982, 19.2, '2022-11-22 23:18:11', 2, 1),
(1983, 20, '2022-11-22 23:18:11', 3, 1),
(1984, 19.6, '2022-11-22 23:18:11', 5, 1),
(1985, 19.9, '2022-11-22 23:18:11', 6, 1),
(1986, 21.6, '2022-11-22 23:18:11', 4, 1),
(1987, 49, '2022-11-22 23:18:11', 2, 2),
(1988, 51.5, '2022-11-22 23:18:11', 1, 2),
(1989, 50, '2022-11-22 23:18:11', 4, 2),
(1990, 50.4, '2022-11-22 23:18:11', 3, 2),
(1991, 49.7, '2022-11-22 23:18:11', 5, 2),
(1992, 50.2, '2022-11-22 23:18:11', 6, 2),
(1993, 1044.7, '2022-11-22 23:18:11', 1, 3),
(1994, 1044.5, '2022-11-22 23:18:11', 2, 3),
(1995, 1046.5, '2022-11-22 23:18:11', 3, 3),
(1996, 1045.2, '2022-11-22 23:18:11', 6, 3),
(1997, 1046, '2022-11-22 23:18:11', 5, 3),
(1998, 1043.5, '2022-11-22 23:18:11', 4, 3),
(1999, 19.2, '2022-11-22 23:18:12', 2, 1),
(2000, 19.9, '2022-11-22 23:18:12', 3, 1),
(2001, 19.2, '2022-11-22 23:18:12', 1, 1),
(2002, 21.7, '2022-11-22 23:18:12', 4, 1),
(2003, 19.7, '2022-11-22 23:18:12', 5, 1),
(2004, 19.9, '2022-11-22 23:18:12', 6, 1),
(2005, 49.1, '2022-11-22 23:18:12', 2, 2),
(2006, 51.4, '2022-11-22 23:18:12', 1, 2),
(2007, 50.5, '2022-11-22 23:18:12', 3, 2),
(2008, 50.1, '2022-11-22 23:18:12', 4, 2),
(2009, 50.2, '2022-11-22 23:18:12', 6, 2),
(2010, 49.6, '2022-11-22 23:18:12', 5, 2),
(2011, 1044.6, '2022-11-22 23:18:12', 1, 3),
(2012, 1044.5, '2022-11-22 23:18:12', 2, 3),
(2013, 1046.6, '2022-11-22 23:18:12', 3, 3),
(2014, 1046.1, '2022-11-22 23:18:12', 5, 3),
(2015, 1043.4, '2022-11-22 23:18:12', 4, 3),
(2016, 1045.1, '2022-11-22 23:18:12', 6, 3),
(2017, 19.1, '2022-11-22 23:18:12', 1, 1),
(2018, 19.2, '2022-11-22 23:18:12', 2, 1),
(2019, 19.8, '2022-11-22 23:18:12', 3, 1),
(2020, 21.6, '2022-11-22 23:18:12', 4, 1),
(2021, 19.7, '2022-11-22 23:18:12', 5, 1),
(2022, 19.9, '2022-11-22 23:18:12', 6, 1),
(2023, 51.4, '2022-11-22 23:18:12', 1, 2),
(2024, 49.1, '2022-11-22 23:18:12', 2, 2),
(2025, 50.1, '2022-11-22 23:18:13', 4, 2),
(2026, 50.5, '2022-11-22 23:18:13', 3, 2),
(2027, 49.6, '2022-11-22 23:18:13', 5, 2),
(2028, 50.3, '2022-11-22 23:18:13', 6, 2),
(2029, 1044.7, '2022-11-22 23:18:13', 1, 3),
(2030, 1046.5, '2022-11-22 23:18:13', 3, 3),
(2031, 1044.5, '2022-11-22 23:18:13', 2, 3),
(2032, 1043.3, '2022-11-22 23:18:13', 4, 3),
(2033, 1045.1, '2022-11-22 23:18:13', 6, 3),
(2034, 1046, '2022-11-22 23:18:13', 5, 3),
(2035, 19, '2022-11-22 23:18:14', 1, 1),
(2036, 19.8, '2022-11-22 23:18:14', 3, 1),
(2037, 19.2, '2022-11-22 23:18:14', 2, 1),
(2038, 21.5, '2022-11-22 23:18:14', 4, 1),
(2039, 19.8, '2022-11-22 23:18:14', 5, 1),
(2040, 19.8, '2022-11-22 23:18:14', 6, 1),
(2041, 51.3, '2022-11-22 23:18:14', 1, 2),
(2042, 50.6, '2022-11-22 23:18:14', 3, 2),
(2043, 49, '2022-11-22 23:18:14', 2, 2),
(2044, 50.1, '2022-11-22 23:18:14', 4, 2),
(2045, 49.7, '2022-11-22 23:18:14', 5, 2),
(2046, 50.3, '2022-11-22 23:18:14', 6, 2),
(2047, 1044.4, '2022-11-22 23:18:14', 2, 3),
(2048, 1046.4, '2022-11-22 23:18:14', 3, 3),
(2049, 1043.2, '2022-11-22 23:18:14', 4, 3),
(2050, 1045.9, '2022-11-22 23:18:14', 5, 3),
(2051, 1045.2, '2022-11-22 23:18:14', 6, 3),
(2052, 1044.7, '2022-11-22 23:18:14', 1, 3),
(2053, 19.3, '2022-11-22 23:18:15', 2, 1),
(2054, 19.1, '2022-11-22 23:18:15', 1, 1),
(2055, 19.9, '2022-11-22 23:18:15', 3, 1),
(2056, 21.5, '2022-11-22 23:18:15', 4, 1),
(2057, 19.8, '2022-11-22 23:18:15', 6, 1),
(2058, 19.9, '2022-11-22 23:18:15', 5, 1),
(2059, 51.4, '2022-11-22 23:18:15', 1, 2),
(2060, 49, '2022-11-22 23:18:15', 2, 2),
(2061, 50.6, '2022-11-22 23:18:15', 3, 2),
(2062, 50.2, '2022-11-22 23:18:15', 4, 2),
(2063, 50.3, '2022-11-22 23:18:15', 6, 2),
(2064, 49.8, '2022-11-22 23:18:15', 5, 2),
(2065, 1044.7, '2022-11-22 23:18:15', 1, 3),
(2066, 1044.5, '2022-11-22 23:18:15', 2, 3),
(2067, 1045.9, '2022-11-22 23:18:15', 5, 3),
(2068, 1043.2, '2022-11-22 23:18:15', 4, 3),
(2069, 1046.5, '2022-11-22 23:18:15', 3, 3),
(2070, 1045.2, '2022-11-22 23:18:15', 6, 3),
(2071, 19.1, '2022-11-22 23:18:15', 1, 1),
(2072, 19.3, '2022-11-22 23:18:15', 2, 1),
(2073, 20, '2022-11-22 23:18:15', 3, 1),
(2074, 21.5, '2022-11-22 23:18:16', 4, 1),
(2075, 48.9, '2022-11-22 23:18:16', 2, 2),
(2076, 51.4, '2022-11-22 23:18:16', 1, 2),
(2077, 19.7, '2022-11-22 23:18:16', 6, 1),
(2078, 50.1, '2022-11-22 23:18:16', 4, 2),
(2079, 50.6, '2022-11-22 23:18:16', 3, 2),
(2080, 49.9, '2022-11-22 23:18:16', 5, 2),
(2081, 50.3, '2022-11-22 23:18:16', 6, 2),
(2082, 20, '2022-11-22 23:18:16', 5, 1),
(2083, 1044.8, '2022-11-22 23:18:16', 1, 3),
(2084, 1044.6, '2022-11-22 23:18:16', 2, 3),
(2085, 1046.4, '2022-11-22 23:18:16', 3, 3),
(2086, 1043.3, '2022-11-22 23:18:16', 4, 3),
(2087, 1045.9, '2022-11-22 23:18:16', 5, 3),
(2088, 1045.1, '2022-11-22 23:18:16', 6, 3),
(2089, 19.3, '2022-11-22 23:18:16', 2, 1),
(2090, 20.1, '2022-11-22 23:18:16', 3, 1),
(2091, 19.2, '2022-11-22 23:18:16', 1, 1),
(2092, 21.4, '2022-11-22 23:18:16', 4, 1),
(2093, 20.1, '2022-11-22 23:18:16', 5, 1),
(2094, 19.8, '2022-11-22 23:18:16', 6, 1),
(2095, 51.5, '2022-11-22 23:18:16', 1, 2),
(2096, 49, '2022-11-22 23:18:16', 2, 2),
(2097, 50.5, '2022-11-22 23:18:16', 3, 2),
(2098, 49.9, '2022-11-22 23:18:16', 5, 2),
(2099, 1044.8, '2022-11-22 23:18:16', 1, 3),
(2100, 50, '2022-11-22 23:18:16', 4, 2),
(2101, 50.3, '2022-11-22 23:18:16', 6, 2),
(2102, 1044.7, '2022-11-22 23:18:16', 2, 3),
(2103, 1046.5, '2022-11-22 23:18:16', 3, 3),
(2104, 1043.2, '2022-11-22 23:18:16', 4, 3),
(2105, 1045.1, '2022-11-22 23:18:16', 6, 3),
(2106, 1045.8, '2022-11-22 23:18:16', 5, 3),
(2107, 19.2, '2022-11-22 23:18:17', 1, 1),
(2108, 19.4, '2022-11-22 23:18:17', 2, 1),
(2109, 21.4, '2022-11-22 23:18:17', 4, 1),
(2110, 20, '2022-11-22 23:18:17', 3, 1),
(2111, 19.7, '2022-11-22 23:18:17', 6, 1),
(2112, 20.1, '2022-11-22 23:18:17', 5, 1),
(2113, 51.5, '2022-11-22 23:18:17', 1, 2),
(2114, 49.1, '2022-11-22 23:18:17', 2, 2),
(2115, 49.9, '2022-11-22 23:18:17', 4, 2),
(2116, 50.5, '2022-11-22 23:18:17', 3, 2),
(2117, 49.9, '2022-11-22 23:18:17', 5, 2),
(2118, 50.4, '2022-11-22 23:18:17', 6, 2),
(2119, 1044.7, '2022-11-22 23:18:17', 1, 3),
(2120, 1044.7, '2022-11-22 23:18:17', 2, 3),
(2121, 1046.5, '2022-11-22 23:18:17', 3, 3),
(2122, 1045.2, '2022-11-22 23:18:17', 6, 3),
(2123, 1045.7, '2022-11-22 23:18:17', 5, 3),
(2124, 1043.1, '2022-11-22 23:18:17', 4, 3),
(2125, 19.3, '2022-11-22 23:18:18', 1, 1),
(2126, 19.3, '2022-11-22 23:18:18', 2, 1),
(2127, 19.9, '2022-11-22 23:18:18', 3, 1),
(2128, 20.2, '2022-11-22 23:18:18', 5, 1),
(2129, 21.3, '2022-11-22 23:18:18', 4, 1),
(2130, 19.7, '2022-11-22 23:18:18', 6, 1),
(2131, 51.6, '2022-11-22 23:18:18', 1, 2),
(2132, 49, '2022-11-22 23:18:18', 2, 2),
(2133, 50.5, '2022-11-22 23:18:18', 3, 2),
(2134, 50, '2022-11-22 23:18:18', 4, 2),
(2135, 49.8, '2022-11-22 23:18:18', 5, 2),
(2136, 50.5, '2022-11-22 23:18:18', 6, 2),
(2137, 1044.7, '2022-11-22 23:18:18', 1, 3),
(2138, 1044.8, '2022-11-22 23:18:18', 2, 3),
(2139, 1046.6, '2022-11-22 23:18:18', 3, 3),
(2140, 1043, '2022-11-22 23:18:18', 4, 3),
(2141, 1045.6, '2022-11-22 23:18:18', 5, 3),
(2142, 1045.1, '2022-11-22 23:18:18', 6, 3),
(2143, 19.3, '2022-11-22 23:18:19', 2, 1),
(2144, 19.3, '2022-11-22 23:18:19', 1, 1),
(2145, 21.4, '2022-11-22 23:18:19', 4, 1),
(2146, 20, '2022-11-22 23:18:19', 3, 1),
(2147, 20.2, '2022-11-22 23:18:19', 5, 1),
(2148, 51.6, '2022-11-22 23:18:19', 1, 2),
(2149, 49, '2022-11-22 23:18:19', 2, 2),
(2150, 50.5, '2022-11-22 23:18:19', 3, 2),
(2151, 19.6, '2022-11-22 23:18:19', 6, 1),
(2152, 49.9, '2022-11-22 23:18:19', 4, 2),
(2153, 49.7, '2022-11-22 23:18:19', 5, 2),
(2154, 1046.6, '2022-11-22 23:18:19', 3, 3),
(2155, 50.4, '2022-11-22 23:18:19', 6, 2),
(2156, 1044.6, '2022-11-22 23:18:19', 1, 3),
(2157, 1044.8, '2022-11-22 23:18:19', 2, 3),
(2158, 1045.1, '2022-11-22 23:18:19', 6, 3),
(2159, 1045.6, '2022-11-22 23:18:19', 5, 3),
(2160, 1042.9, '2022-11-22 23:18:19', 4, 3),
(2161, 19.3, '2022-11-22 23:22:01', 1, 1),
(2162, 19.4, '2022-11-22 23:22:01', 2, 1),
(2163, 20, '2022-11-22 23:22:01', 3, 1),
(2164, 21.4, '2022-11-22 23:22:01', 4, 1),
(2165, 20.1, '2022-11-22 23:22:01', 5, 1),
(2166, 19.5, '2022-11-22 23:22:01', 6, 1),
(2167, 49.1, '2022-11-22 23:22:01', 2, 2),
(2168, 50.4, '2022-11-22 23:22:01', 3, 2),
(2169, 50, '2022-11-22 23:22:01', 4, 2),
(2170, 49.6, '2022-11-22 23:22:01', 5, 2),
(2171, 51.5, '2022-11-22 23:22:01', 1, 2),
(2172, 50.4, '2022-11-22 23:22:01', 6, 2),
(2173, 1044.5, '2022-11-22 23:22:01', 1, 3),
(2174, 1044.7, '2022-11-22 23:22:01', 2, 3),
(2175, 1046.5, '2022-11-22 23:22:01', 3, 3),
(2176, 1045.6, '2022-11-22 23:22:01', 5, 3),
(2177, 1042.9, '2022-11-22 23:22:01', 4, 3),
(2178, 1045.2, '2022-11-22 23:22:01', 6, 3),
(2179, 19.9, '2022-11-22 23:22:01', 3, 1),
(2180, 19.3, '2022-11-22 23:22:01', 1, 1),
(2181, 19.4, '2022-11-22 23:22:01', 2, 1),
(2182, 21.4, '2022-11-22 23:22:01', 4, 1),
(2183, 19.5, '2022-11-22 23:22:01', 6, 1),
(2184, 20.1, '2022-11-22 23:22:01', 5, 1),
(2185, 51.6, '2022-11-22 23:22:01', 1, 2),
(2186, 49.9, '2022-11-22 23:22:01', 4, 2),
(2187, 49, '2022-11-22 23:22:01', 2, 2),
(2188, 49.5, '2022-11-22 23:22:01', 5, 2),
(2189, 50.3, '2022-11-22 23:22:01', 6, 2),
(2190, 50.4, '2022-11-22 23:22:01', 3, 2),
(2191, 1044.4, '2022-11-22 23:22:01', 1, 3),
(2192, 1046.4, '2022-11-22 23:22:01', 3, 3),
(2193, 1043, '2022-11-22 23:22:01', 4, 3),
(2194, 1044.6, '2022-11-22 23:22:01', 2, 3),
(2195, 1045.5, '2022-11-22 23:22:01', 5, 3),
(2196, 1045.3, '2022-11-22 23:22:01', 6, 3),
(2197, 19.5, '2022-11-22 23:22:02', 2, 1),
(2198, 19.2, '2022-11-22 23:22:02', 1, 1),
(2199, 20, '2022-11-22 23:22:02', 3, 1),
(2200, 21.4, '2022-11-22 23:22:02', 4, 1),
(2201, 20, '2022-11-22 23:22:02', 5, 1),
(2202, 19.4, '2022-11-22 23:22:02', 6, 1),
(2203, 48.9, '2022-11-22 23:22:02', 2, 2),
(2204, 51.5, '2022-11-22 23:22:02', 1, 2),
(2205, 50.4, '2022-11-22 23:22:02', 3, 2),
(2206, 49.8, '2022-11-22 23:22:02', 4, 2),
(2207, 1044.4, '2022-11-22 23:22:02', 1, 3),
(2208, 49.4, '2022-11-22 23:22:02', 5, 2),
(2209, 50.2, '2022-11-22 23:22:02', 6, 2),
(2210, 1043.1, '2022-11-22 23:22:02', 4, 3),
(2211, 1046.5, '2022-11-22 23:22:02', 3, 3),
(2212, 1044.7, '2022-11-22 23:22:02', 2, 3),
(2213, 1045.3, '2022-11-22 23:22:02', 6, 3),
(2214, 1045.6, '2022-11-22 23:22:02', 5, 3),
(2215, 19.2, '2022-11-22 23:22:03', 1, 1),
(2216, 19.4, '2022-11-22 23:22:03', 2, 1),
(2217, 20, '2022-11-22 23:22:03', 3, 1),
(2218, 21.4, '2022-11-22 23:22:03', 4, 1),
(2219, 20.1, '2022-11-22 23:22:03', 5, 1),
(2220, 19.4, '2022-11-22 23:22:03', 6, 1),
(2221, 49, '2022-11-22 23:22:03', 2, 2),
(2222, 51.6, '2022-11-22 23:22:03', 1, 2),
(2223, 50.3, '2022-11-22 23:22:03', 3, 2),
(2224, 49.4, '2022-11-22 23:22:03', 5, 2),
(2225, 49.9, '2022-11-22 23:22:03', 4, 2),
(2226, 1044.5, '2022-11-22 23:22:03', 1, 3),
(2227, 1044.6, '2022-11-22 23:22:03', 2, 3),
(2228, 50.1, '2022-11-22 23:22:03', 6, 2),
(2229, 1046.5, '2022-11-22 23:22:03', 3, 3),
(2230, 1043, '2022-11-22 23:22:03', 4, 3),
(2231, 1045.2, '2022-11-22 23:22:03', 6, 3),
(2232, 1045.5, '2022-11-22 23:22:03', 5, 3),
(2233, 19.3, '2022-11-22 23:22:04', 1, 1),
(2234, 20, '2022-11-22 23:22:04', 3, 1),
(2235, 19.3, '2022-11-22 23:22:04', 2, 1),
(2236, 19.5, '2022-11-22 23:22:04', 6, 1),
(2237, 21.4, '2022-11-22 23:22:04', 4, 1),
(2238, 51.6, '2022-11-22 23:22:04', 1, 2),
(2239, 50.4, '2022-11-22 23:22:04', 3, 2),
(2240, 20.2, '2022-11-22 23:22:04', 5, 1),
(2241, 48.9, '2022-11-22 23:22:04', 2, 2),
(2242, 49.4, '2022-11-22 23:22:04', 5, 2),
(2243, 50.2, '2022-11-22 23:22:04', 6, 2),
(2244, 50, '2022-11-22 23:22:04', 4, 2),
(2245, 1044.7, '2022-11-22 23:22:04', 2, 3),
(2246, 1044.4, '2022-11-22 23:22:04', 1, 3),
(2247, 1046.6, '2022-11-22 23:22:04', 3, 3),
(2248, 1043.1, '2022-11-22 23:22:04', 4, 3),
(2249, 1045.1, '2022-11-22 23:22:04', 6, 3),
(2250, 1045.4, '2022-11-22 23:22:04', 5, 3),
(2251, 19.2, '2022-11-22 23:22:05', 1, 1),
(2252, 19.3, '2022-11-22 23:22:05', 2, 1),
(2253, 21.3, '2022-11-22 23:22:05', 4, 1),
(2254, 20.2, '2022-11-22 23:22:05', 5, 1),
(2255, 20, '2022-11-22 23:22:05', 3, 1),
(2256, 19.4, '2022-11-22 23:22:05', 6, 1),
(2257, 51.6, '2022-11-22 23:22:05', 1, 2),
(2258, 49, '2022-11-22 23:22:05', 2, 2),
(2259, 50.4, '2022-11-22 23:22:05', 3, 2),
(2260, 49.9, '2022-11-22 23:22:05', 4, 2),
(2261, 49.3, '2022-11-22 23:22:05', 5, 2),
(2262, 50.3, '2022-11-22 23:22:05', 6, 2),
(2263, 1044.6, '2022-11-22 23:22:05', 2, 3),
(2264, 1044.4, '2022-11-22 23:22:05', 1, 3),
(2265, 1046.6, '2022-11-22 23:22:05', 3, 3),
(2266, 1043, '2022-11-22 23:22:05', 4, 3),
(2267, 1045.4, '2022-11-22 23:22:05', 5, 3),
(2268, 1045.2, '2022-11-22 23:22:05', 6, 3),
(2269, 19.3, '2022-11-22 23:22:05', 2, 1),
(2270, 19.2, '2022-11-22 23:22:05', 1, 1),
(2271, 19.9, '2022-11-22 23:22:05', 3, 1),
(2272, 19.3, '2022-11-22 23:22:05', 6, 1),
(2273, 21.2, '2022-11-22 23:22:05', 4, 1),
(2274, 51.7, '2022-11-22 23:22:05', 1, 2),
(2275, 20.3, '2022-11-22 23:22:05', 5, 1),
(2276, 50.5, '2022-11-22 23:22:05', 3, 2),
(2277, 48.9, '2022-11-22 23:22:05', 2, 2),
(2278, 49.4, '2022-11-22 23:22:05', 5, 2),
(2279, 49.8, '2022-11-22 23:22:05', 4, 2),
(2280, 50.4, '2022-11-22 23:22:05', 6, 2),
(2281, 1044.3, '2022-11-22 23:22:05', 1, 3),
(2282, 1044.7, '2022-11-22 23:22:05', 2, 3),
(2283, 1046.5, '2022-11-22 23:22:05', 3, 3),
(2284, 1042.9, '2022-11-22 23:22:05', 4, 3),
(2285, 1045.1, '2022-11-22 23:22:05', 6, 3),
(2286, 1045.3, '2022-11-22 23:22:05', 5, 3),
(2287, 19.9, '2022-11-22 23:22:06', 3, 1),
(2288, 19.2, '2022-11-22 23:22:06', 2, 1),
(2289, 21.2, '2022-11-22 23:22:06', 4, 1),
(2290, 19.2, '2022-11-22 23:22:06', 1, 1),
(2291, 19.4, '2022-11-22 23:22:06', 6, 1),
(2292, 51.8, '2022-11-22 23:22:06', 1, 2),
(2293, 48.9, '2022-11-22 23:22:06', 2, 2),
(2294, 50.4, '2022-11-22 23:22:06', 3, 2),
(2295, 20.2, '2022-11-22 23:22:06', 5, 1),
(2296, 49.8, '2022-11-22 23:22:06', 4, 2),
(2297, 49.4, '2022-11-22 23:22:06', 5, 2),
(2298, 1044.4, '2022-11-22 23:22:06', 1, 3),
(2299, 50.3, '2022-11-22 23:22:06', 6, 2),
(2300, 1046.6, '2022-11-22 23:22:06', 3, 3),
(2301, 1043, '2022-11-22 23:22:06', 4, 3),
(2302, 1044.8, '2022-11-22 23:22:06', 2, 3),
(2303, 1045.3, '2022-11-22 23:22:06', 5, 3),
(2304, 1045.1, '2022-11-22 23:22:06', 6, 3),
(2305, 19.9, '2022-11-22 23:22:07', 3, 1),
(2306, 19.2, '2022-11-22 23:22:07', 1, 1),
(2307, 19.2, '2022-11-22 23:22:07', 2, 1),
(2308, 21.1, '2022-11-22 23:22:07', 4, 1),
(2309, 20.1, '2022-11-22 23:22:07', 5, 1),
(2310, 19.4, '2022-11-22 23:22:07', 6, 1),
(2311, 48.8, '2022-11-22 23:22:07', 2, 2),
(2312, 51.7, '2022-11-22 23:22:07', 1, 2),
(2313, 50.5, '2022-11-22 23:22:07', 3, 2),
(2314, 49.9, '2022-11-22 23:22:07', 4, 2),
(2315, 49.4, '2022-11-22 23:22:07', 5, 2),
(2316, 1044.7, '2022-11-22 23:22:07', 2, 3),
(2317, 1044.4, '2022-11-22 23:22:07', 1, 3),
(2318, 50.3, '2022-11-22 23:22:07', 6, 2),
(2319, 1046.7, '2022-11-22 23:22:07', 3, 3),
(2320, 1043.1, '2022-11-22 23:22:07', 4, 3),
(2321, 1045.3, '2022-11-22 23:22:07', 5, 3),
(2322, 1045, '2022-11-22 23:22:07', 6, 3),
(2323, 19.9, '2022-11-22 23:22:07', 3, 1),
(2324, 19.1, '2022-11-22 23:22:07', 2, 1),
(2325, 21, '2022-11-22 23:22:07', 4, 1),
(2326, 19.1, '2022-11-22 23:22:07', 1, 1),
(2327, 19.4, '2022-11-22 23:22:07', 6, 1),
(2328, 51.6, '2022-11-22 23:22:07', 1, 2),
(2329, 20, '2022-11-22 23:22:07', 5, 1),
(2330, 48.7, '2022-11-22 23:22:07', 2, 2),
(2331, 50.6, '2022-11-22 23:22:07', 3, 2),
(2332, 50, '2022-11-22 23:22:07', 4, 2),
(2333, 49.3, '2022-11-22 23:22:07', 5, 2),
(2334, 50.3, '2022-11-22 23:22:07', 6, 2),
(2335, 1046.6, '2022-11-22 23:22:07', 3, 3),
(2336, 1044.7, '2022-11-22 23:22:07', 2, 3),
(2337, 1044.5, '2022-11-22 23:22:07', 1, 3),
(2338, 1043.2, '2022-11-22 23:22:07', 4, 3),
(2339, 1045, '2022-11-22 23:22:07', 6, 3),
(2340, 1045.2, '2022-11-22 23:22:07', 5, 3),
(2341, 19.2, '2022-11-22 23:22:08', 2, 1),
(2342, 19, '2022-11-22 23:22:08', 1, 1),
(2343, 19.8, '2022-11-22 23:22:08', 3, 1),
(2344, 20.9, '2022-11-22 23:22:08', 4, 1),
(2345, 51.6, '2022-11-22 23:22:08', 1, 2),
(2346, 19.5, '2022-11-22 23:22:08', 6, 1),
(2347, 20, '2022-11-22 23:22:08', 5, 1),
(2348, 50.5, '2022-11-22 23:22:08', 3, 2),
(2349, 48.8, '2022-11-22 23:22:08', 2, 2),
(2350, 50, '2022-11-22 23:22:08', 4, 2),
(2351, 49.4, '2022-11-22 23:22:08', 5, 2),
(2352, 50.3, '2022-11-22 23:22:08', 6, 2),
(2353, 1044.4, '2022-11-22 23:22:08', 1, 3),
(2354, 1044.7, '2022-11-22 23:22:08', 2, 3),
(2355, 1046.5, '2022-11-22 23:22:08', 3, 3),
(2356, 1045.3, '2022-11-22 23:22:08', 5, 3),
(2357, 1043.3, '2022-11-22 23:22:08', 4, 3),
(2358, 1045.1, '2022-11-22 23:22:08', 6, 3),
(2359, 19.3, '2022-11-22 23:22:13', 2, 1),
(2360, 19.1, '2022-11-22 23:22:13', 1, 1),
(2361, 20.9, '2022-11-22 23:22:13', 4, 1),
(2362, 19.8, '2022-11-22 23:22:13', 3, 1),
(2363, 51.6, '2022-11-22 23:22:13', 1, 2),
(2364, 19.4, '2022-11-22 23:22:13', 6, 1),
(2365, 19.9, '2022-11-22 23:22:13', 5, 1),
(2366, 48.7, '2022-11-22 23:22:13', 2, 2),
(2367, 50.5, '2022-11-22 23:22:13', 3, 2),
(2368, 50.3, '2022-11-22 23:22:13', 6, 2),
(2369, 50.1, '2022-11-22 23:22:13', 4, 2),
(2370, 1044.5, '2022-11-22 23:22:13', 1, 3),
(2371, 49.5, '2022-11-22 23:22:13', 5, 2),
(2372, 1044.6, '2022-11-22 23:22:13', 2, 3),
(2373, 1045.4, '2022-11-22 23:22:13', 5, 3),
(2374, 1046.4, '2022-11-22 23:22:13', 3, 3),
(2375, 1045.2, '2022-11-22 23:22:13', 6, 3),
(2376, 1043.4, '2022-11-22 23:22:13', 4, 3),
(2377, 19.2, '2022-11-22 23:22:14', 2, 1),
(2378, 19, '2022-11-22 23:22:14', 1, 1),
(2379, 19.7, '2022-11-22 23:22:14', 3, 1),
(2380, 19.9, '2022-11-22 23:22:14', 5, 1),
(2381, 21, '2022-11-22 23:22:14', 4, 1),
(2382, 19.5, '2022-11-22 23:22:14', 6, 1),
(2383, 48.6, '2022-11-22 23:22:14', 2, 2),
(2384, 51.5, '2022-11-22 23:22:14', 1, 2),
(2385, 50.4, '2022-11-22 23:22:14', 3, 2),
(2386, 50.1, '2022-11-22 23:22:14', 4, 2),
(2387, 50.2, '2022-11-22 23:22:14', 6, 2),
(2388, 1044.4, '2022-11-22 23:22:14', 1, 3),
(2389, 49.6, '2022-11-22 23:22:14', 5, 2),
(2390, 1046.3, '2022-11-22 23:22:14', 3, 3),
(2391, 1044.7, '2022-11-22 23:22:14', 2, 3),
(2392, 1043.5, '2022-11-22 23:22:14', 4, 3),
(2393, 1045.3, '2022-11-22 23:22:14', 5, 3),
(2394, 1045.1, '2022-11-22 23:22:14', 6, 3),
(2395, 19, '2022-11-22 23:22:15', 1, 1),
(2396, 19.8, '2022-11-22 23:22:15', 3, 1),
(2397, 51.6, '2022-11-22 23:22:15', 1, 2),
(2398, 19.3, '2022-11-22 23:22:15', 2, 1),
(2399, 19.8, '2022-11-22 23:22:15', 5, 1),
(2400, 19.5, '2022-11-22 23:22:15', 6, 1),
(2401, 20.9, '2022-11-22 23:22:15', 4, 1),
(2402, 48.5, '2022-11-22 23:22:15', 2, 2),
(2403, 50.4, '2022-11-22 23:22:15', 3, 2),
(2404, 50.3, '2022-11-22 23:22:15', 6, 2),
(2405, 49.7, '2022-11-22 23:22:15', 5, 2),
(2406, 50.1, '2022-11-22 23:22:15', 4, 2),
(2407, 1044.7, '2022-11-22 23:22:15', 2, 3),
(2408, 1044.3, '2022-11-22 23:22:15', 1, 3),
(2409, 1043.6, '2022-11-22 23:22:15', 4, 3),
(2410, 1046.3, '2022-11-22 23:22:15', 3, 3),
(2411, 1045.2, '2022-11-22 23:22:15', 5, 3),
(2412, 1045.2, '2022-11-22 23:22:15', 6, 3),
(2413, 19.8, '2022-11-22 23:22:15', 3, 1),
(2414, 19.3, '2022-11-22 23:22:15', 2, 1),
(2415, 19, '2022-11-22 23:22:15', 1, 1),
(2416, 21, '2022-11-22 23:22:15', 4, 1),
(2417, 19.9, '2022-11-22 23:22:15', 5, 1),
(2418, 51.5, '2022-11-22 23:22:15', 1, 2),
(2419, 19.4, '2022-11-22 23:22:15', 6, 1),
(2420, 48.4, '2022-11-22 23:22:15', 2, 2),
(2421, 50.5, '2022-11-22 23:22:15', 3, 2),
(2422, 50, '2022-11-22 23:22:15', 4, 2),
(2423, 49.8, '2022-11-22 23:22:15', 5, 2),
(2424, 1044.3, '2022-11-22 23:22:15', 1, 3),
(2425, 50.3, '2022-11-22 23:22:15', 6, 2),
(2426, 1043.5, '2022-11-22 23:22:15', 4, 3),
(2427, 1044.6, '2022-11-22 23:22:15', 2, 3),
(2428, 1046.3, '2022-11-22 23:22:15', 3, 3),
(2429, 1045.1, '2022-11-22 23:22:15', 5, 3),
(2430, 1045.3, '2022-11-22 23:22:15', 6, 3),
(2431, 19.3, '2022-11-22 23:22:16', 2, 1);
INSERT INTO `sensors_values` (`id`, `value`, `date_time`, `room_type_id`, `sensor_type_id`) VALUES
(2432, 19, '2022-11-22 23:22:16', 1, 1),
(2433, 21, '2022-11-22 23:22:16', 4, 1),
(2434, 19.8, '2022-11-22 23:22:16', 3, 1),
(2435, 19.9, '2022-11-22 23:22:16', 5, 1),
(2436, 48.4, '2022-11-22 23:22:16', 2, 2),
(2437, 51.5, '2022-11-22 23:22:16', 1, 2),
(2438, 50.5, '2022-11-22 23:22:16', 3, 2),
(2439, 19.5, '2022-11-22 23:22:16', 6, 1),
(2440, 50.1, '2022-11-22 23:22:16', 4, 2),
(2441, 50.2, '2022-11-22 23:22:16', 6, 2),
(2442, 49.8, '2022-11-22 23:22:16', 5, 2),
(2443, 1044.3, '2022-11-22 23:22:16', 1, 3),
(2444, 1044.5, '2022-11-22 23:22:16', 2, 3),
(2445, 1043.4, '2022-11-22 23:22:16', 4, 3),
(2446, 1046.2, '2022-11-22 23:22:16', 3, 3),
(2447, 1045, '2022-11-22 23:22:16', 5, 3),
(2448, 1045.2, '2022-11-22 23:22:16', 6, 3),
(2449, 18.9, '2022-11-22 23:22:17', 1, 1),
(2450, 19.8, '2022-11-22 23:22:17', 3, 1),
(2451, 19.4, '2022-11-22 23:22:17', 2, 1),
(2452, 21, '2022-11-22 23:22:17', 4, 1),
(2453, 20, '2022-11-22 23:22:17', 5, 1),
(2454, 19.5, '2022-11-22 23:22:17', 6, 1),
(2455, 48.4, '2022-11-22 23:22:17', 2, 2),
(2456, 50.2, '2022-11-22 23:22:17', 4, 2),
(2457, 51.6, '2022-11-22 23:22:17', 1, 2),
(2458, 1044.4, '2022-11-22 23:22:17', 1, 3),
(2459, 49.7, '2022-11-22 23:22:17', 5, 2),
(2460, 50.6, '2022-11-22 23:22:17', 3, 2),
(2461, 50.1, '2022-11-22 23:22:17', 6, 2),
(2462, 1044.4, '2022-11-22 23:22:17', 2, 3),
(2463, 1045, '2022-11-22 23:22:17', 5, 3),
(2464, 1043.4, '2022-11-22 23:22:17', 4, 3),
(2465, 1045.1, '2022-11-22 23:22:17', 6, 3),
(2466, 1046.2, '2022-11-22 23:22:17', 3, 3),
(2467, 19, '2022-11-22 23:22:17', 1, 1),
(2468, 19.8, '2022-11-22 23:22:17', 3, 1),
(2469, 19.5, '2022-11-22 23:22:17', 2, 1),
(2470, 21.1, '2022-11-22 23:22:17', 4, 1),
(2471, 20.1, '2022-11-22 23:22:17', 5, 1),
(2472, 51.7, '2022-11-22 23:22:17', 1, 2),
(2473, 19.5, '2022-11-22 23:22:17', 6, 1),
(2474, 48.3, '2022-11-22 23:22:18', 2, 2),
(2475, 49.7, '2022-11-22 23:22:18', 5, 2),
(2476, 50.5, '2022-11-22 23:22:18', 3, 2),
(2477, 50.1, '2022-11-22 23:22:18', 6, 2),
(2478, 1044.5, '2022-11-22 23:22:18', 1, 3),
(2479, 50.2, '2022-11-22 23:22:18', 4, 2),
(2480, 1046.2, '2022-11-22 23:22:18', 3, 3),
(2481, 1044.4, '2022-11-22 23:22:18', 2, 3),
(2482, 1043.5, '2022-11-22 23:22:18', 4, 3),
(2483, 1045, '2022-11-22 23:22:18', 5, 3),
(2484, 1045.1, '2022-11-22 23:22:18', 6, 3),
(2485, 19, '2022-11-22 23:22:18', 1, 1),
(2486, 19.5, '2022-11-22 23:22:18', 2, 1),
(2487, 19.8, '2022-11-22 23:22:18', 3, 1),
(2488, 19.6, '2022-11-22 23:22:18', 6, 1),
(2489, 21, '2022-11-22 23:22:18', 4, 1),
(2490, 51.6, '2022-11-22 23:22:18', 1, 2),
(2491, 48.2, '2022-11-22 23:22:18', 2, 2),
(2492, 50.4, '2022-11-22 23:22:18', 3, 2),
(2493, 50.2, '2022-11-22 23:22:18', 4, 2),
(2494, 49.6, '2022-11-22 23:22:18', 5, 2),
(2495, 20, '2022-11-22 23:22:18', 5, 1),
(2496, 1044.5, '2022-11-22 23:22:18', 2, 3),
(2497, 1046.1, '2022-11-22 23:22:18', 3, 3),
(2498, 50.2, '2022-11-22 23:22:18', 6, 2),
(2499, 1043.6, '2022-11-22 23:22:18', 4, 3),
(2500, 1045.1, '2022-11-22 23:22:18', 6, 3),
(2501, 1044.5, '2022-11-22 23:22:18', 1, 3),
(2502, 1045, '2022-11-22 23:22:18', 5, 3),
(2503, 19.9, '2022-11-22 23:22:19', 3, 1),
(2504, 19.5, '2022-11-22 23:22:19', 2, 1),
(2505, 19.1, '2022-11-22 23:22:19', 1, 1),
(2506, 20, '2022-11-22 23:22:19', 5, 1),
(2507, 21.1, '2022-11-22 23:22:19', 4, 1),
(2508, 19.7, '2022-11-22 23:22:19', 6, 1),
(2509, 51.6, '2022-11-22 23:22:19', 1, 2),
(2510, 48.1, '2022-11-22 23:22:19', 2, 2),
(2511, 49.6, '2022-11-22 23:22:19', 5, 2),
(2512, 50.3, '2022-11-22 23:22:19', 3, 2),
(2513, 1044.4, '2022-11-22 23:22:19', 1, 3),
(2514, 50.1, '2022-11-22 23:22:19', 6, 2),
(2515, 1044.6, '2022-11-22 23:22:19', 2, 3),
(2516, 1046.1, '2022-11-22 23:22:19', 3, 3),
(2517, 1043.5, '2022-11-22 23:22:19', 4, 3),
(2518, 50.3, '2022-11-22 23:22:19', 4, 2),
(2519, 1045.1, '2022-11-22 23:22:19', 6, 3),
(2520, 1044.9, '2022-11-22 23:22:19', 5, 3),
(2521, 19.5, '2022-11-22 23:23:32', 2, 1),
(2522, 19, '2022-11-22 23:23:32', 1, 1),
(2523, 19.8, '2022-11-22 23:23:32', 3, 1),
(2524, 21, '2022-11-22 23:23:32', 4, 1),
(2525, 19.8, '2022-11-22 23:23:32', 6, 1),
(2526, 20.1, '2022-11-22 23:23:32', 5, 1),
(2527, 51.7, '2022-11-22 23:23:32', 1, 2),
(2528, 48, '2022-11-22 23:23:32', 2, 2),
(2529, 50.3, '2022-11-22 23:23:32', 3, 2),
(2530, 49.5, '2022-11-22 23:23:32', 5, 2),
(2531, 50.3, '2022-11-22 23:23:32', 4, 2),
(2532, 50, '2022-11-22 23:23:32', 6, 2),
(2533, 1046.2, '2022-11-22 23:23:32', 3, 3),
(2534, 1044.5, '2022-11-22 23:23:32', 1, 3),
(2535, 1044.7, '2022-11-22 23:23:32', 2, 3),
(2536, 1043.6, '2022-11-22 23:23:32', 4, 3),
(2537, 1044.9, '2022-11-22 23:23:32', 5, 3),
(2538, 1045.2, '2022-11-22 23:23:32', 6, 3),
(2539, 19.6, '2022-11-22 23:23:33', 2, 1),
(2540, 18.9, '2022-11-22 23:23:33', 1, 1),
(2541, 19.8, '2022-11-22 23:23:33', 3, 1),
(2542, 21.1, '2022-11-22 23:23:33', 4, 1),
(2543, 20.2, '2022-11-22 23:23:33', 5, 1),
(2544, 19.9, '2022-11-22 23:23:33', 6, 1),
(2545, 48.1, '2022-11-22 23:23:33', 2, 2),
(2546, 50.3, '2022-11-22 23:23:33', 4, 2),
(2547, 51.7, '2022-11-22 23:23:33', 1, 2),
(2548, 50, '2022-11-22 23:23:33', 6, 2),
(2549, 50.4, '2022-11-22 23:23:33', 3, 2),
(2550, 1044.4, '2022-11-22 23:23:33', 1, 3),
(2551, 49.6, '2022-11-22 23:23:33', 5, 2),
(2552, 1044.6, '2022-11-22 23:23:33', 2, 3),
(2553, 1043.6, '2022-11-22 23:23:33', 4, 3),
(2554, 1044.9, '2022-11-22 23:23:33', 5, 3),
(2555, 1045.2, '2022-11-22 23:23:33', 6, 3),
(2556, 1046.1, '2022-11-22 23:23:33', 3, 3),
(2557, 19.6, '2022-11-22 23:23:33', 2, 1),
(2558, 19.8, '2022-11-22 23:23:33', 3, 1),
(2559, 19, '2022-11-22 23:23:33', 1, 1),
(2560, 21.1, '2022-11-22 23:23:33', 4, 1),
(2561, 19.8, '2022-11-22 23:23:33', 6, 1),
(2562, 20.2, '2022-11-22 23:23:33', 5, 1),
(2563, 51.6, '2022-11-22 23:23:33', 1, 2),
(2564, 50.5, '2022-11-22 23:23:33', 3, 2),
(2565, 48.1, '2022-11-22 23:23:33', 2, 2),
(2566, 49.7, '2022-11-22 23:23:33', 5, 2),
(2567, 50.4, '2022-11-22 23:23:33', 4, 2),
(2568, 50, '2022-11-22 23:23:33', 6, 2),
(2569, 1044.6, '2022-11-22 23:23:33', 2, 3),
(2570, 1043.6, '2022-11-22 23:23:33', 4, 3),
(2571, 1044.9, '2022-11-22 23:23:33', 5, 3),
(2572, 1044.4, '2022-11-22 23:23:33', 1, 3),
(2573, 1045.1, '2022-11-22 23:23:33', 6, 3),
(2574, 1046.2, '2022-11-22 23:23:33', 3, 3),
(2575, 19.7, '2022-11-22 23:23:34', 2, 1),
(2576, 19.8, '2022-11-22 23:23:34', 3, 1),
(2577, 18.9, '2022-11-22 23:23:34', 1, 1),
(2578, 21.2, '2022-11-22 23:23:34', 4, 1),
(2579, 20.1, '2022-11-22 23:23:34', 5, 1),
(2580, 19.9, '2022-11-22 23:23:34', 6, 1),
(2581, 48.1, '2022-11-22 23:23:34', 2, 2),
(2582, 51.7, '2022-11-22 23:23:34', 1, 2),
(2583, 50.5, '2022-11-22 23:23:34', 3, 2),
(2584, 50.4, '2022-11-22 23:23:34', 4, 2),
(2585, 1044.5, '2022-11-22 23:23:34', 1, 3),
(2586, 50, '2022-11-22 23:23:34', 6, 2),
(2587, 1044.7, '2022-11-22 23:23:34', 2, 3),
(2588, 1046.1, '2022-11-22 23:23:34', 3, 3),
(2589, 49.6, '2022-11-22 23:23:34', 5, 2),
(2590, 1043.6, '2022-11-22 23:23:34', 4, 3),
(2591, 1044.8, '2022-11-22 23:23:34', 5, 3),
(2592, 1045.1, '2022-11-22 23:23:34', 6, 3),
(2593, 18.8, '2022-11-22 23:23:34', 1, 1),
(2594, 19.6, '2022-11-22 23:23:34', 2, 1),
(2595, 19.7, '2022-11-22 23:23:34', 3, 1),
(2596, 21.1, '2022-11-22 23:23:34', 4, 1),
(2597, 19.8, '2022-11-22 23:23:34', 6, 1),
(2598, 51.6, '2022-11-22 23:23:34', 1, 2),
(2599, 20.2, '2022-11-22 23:23:34', 5, 1),
(2600, 48, '2022-11-22 23:23:34', 2, 2),
(2601, 50.5, '2022-11-22 23:23:34', 3, 2),
(2602, 1044.4, '2022-11-22 23:23:34', 1, 3),
(2603, 50, '2022-11-22 23:23:34', 6, 2),
(2604, 49.6, '2022-11-22 23:23:34', 5, 2),
(2605, 1043.5, '2022-11-22 23:23:34', 4, 3),
(2606, 50.5, '2022-11-22 23:23:34', 4, 2),
(2607, 1045.2, '2022-11-22 23:23:34', 6, 3),
(2608, 1044.8, '2022-11-22 23:23:34', 2, 3),
(2609, 1046.2, '2022-11-22 23:23:34', 3, 3),
(2610, 1044.8, '2022-11-22 23:23:34', 5, 3),
(2611, 19.5, '2022-11-22 23:23:35', 2, 1),
(2612, 19.8, '2022-11-22 23:23:35', 3, 1),
(2613, 18.8, '2022-11-22 23:23:35', 1, 1),
(2614, 21.2, '2022-11-22 23:23:35', 4, 1),
(2615, 20.2, '2022-11-22 23:23:35', 5, 1),
(2616, 19.7, '2022-11-22 23:23:35', 6, 1),
(2617, 51.6, '2022-11-22 23:23:35', 1, 2),
(2618, 48.1, '2022-11-22 23:23:35', 2, 2),
(2619, 50.5, '2022-11-22 23:23:35', 3, 2),
(2620, 50.5, '2022-11-22 23:23:35', 4, 2),
(2621, 50, '2022-11-22 23:23:35', 6, 2),
(2622, 1044.4, '2022-11-22 23:23:35', 1, 3),
(2623, 49.6, '2022-11-22 23:23:35', 5, 2),
(2624, 1044.7, '2022-11-22 23:23:35', 2, 3),
(2625, 1046.1, '2022-11-22 23:23:35', 3, 3),
(2626, 1043.6, '2022-11-22 23:23:35', 4, 3),
(2627, 1045.3, '2022-11-22 23:23:35', 6, 3),
(2628, 1044.8, '2022-11-22 23:23:35', 5, 3),
(2629, 18.9, '2022-11-22 23:23:36', 1, 1),
(2630, 19.6, '2022-11-22 23:23:36', 2, 1),
(2631, 19.9, '2022-11-22 23:23:36', 3, 1),
(2632, 51.7, '2022-11-22 23:23:36', 1, 2),
(2633, 19.8, '2022-11-22 23:23:36', 6, 1),
(2634, 48.1, '2022-11-22 23:23:36', 2, 2),
(2635, 21.2, '2022-11-22 23:23:36', 4, 1),
(2636, 20.1, '2022-11-22 23:23:36', 5, 1),
(2637, 50.4, '2022-11-22 23:23:36', 3, 2),
(2638, 50.4, '2022-11-22 23:23:36', 4, 2),
(2639, 50, '2022-11-22 23:23:36', 6, 2),
(2640, 49.5, '2022-11-22 23:23:36', 5, 2),
(2641, 1044.8, '2022-11-22 23:23:36', 2, 3),
(2642, 1044.5, '2022-11-22 23:23:36', 1, 3),
(2643, 1043.5, '2022-11-22 23:23:36', 4, 3),
(2644, 1046.1, '2022-11-22 23:23:36', 3, 3),
(2645, 1044.7, '2022-11-22 23:23:36', 5, 3),
(2646, 1045.4, '2022-11-22 23:23:36', 6, 3),
(2647, 19.9, '2022-11-22 23:23:36', 3, 1),
(2648, 19.7, '2022-11-22 23:23:36', 2, 1),
(2649, 20, '2022-11-22 23:23:36', 5, 1),
(2650, 18.9, '2022-11-22 23:23:36', 1, 1),
(2651, 19.7, '2022-11-22 23:23:36', 6, 1),
(2652, 51.8, '2022-11-22 23:23:36', 1, 2),
(2653, 48.2, '2022-11-22 23:23:36', 2, 2),
(2654, 21.3, '2022-11-22 23:23:36', 4, 1),
(2655, 50.3, '2022-11-22 23:23:36', 4, 2),
(2656, 50.3, '2022-11-22 23:23:36', 3, 2),
(2657, 49.4, '2022-11-22 23:23:36', 5, 2),
(2658, 49.9, '2022-11-22 23:23:36', 6, 2),
(2659, 1044.4, '2022-11-22 23:23:36', 1, 3),
(2660, 1046, '2022-11-22 23:23:36', 3, 3),
(2661, 1043.4, '2022-11-22 23:23:36', 4, 3),
(2662, 1044.8, '2022-11-22 23:23:36', 2, 3),
(2663, 1044.7, '2022-11-22 23:23:36', 5, 3),
(2664, 1045.3, '2022-11-22 23:23:36', 6, 3),
(2665, 18.8, '2022-11-22 23:23:37', 1, 1),
(2666, 19.7, '2022-11-22 23:23:37', 2, 1),
(2667, 20, '2022-11-22 23:23:37', 3, 1),
(2668, 21.4, '2022-11-22 23:23:37', 4, 1),
(2669, 19.7, '2022-11-22 23:23:37', 6, 1),
(2670, 20.1, '2022-11-22 23:23:37', 5, 1),
(2671, 48.1, '2022-11-22 23:23:37', 2, 2),
(2672, 51.8, '2022-11-22 23:23:37', 1, 2),
(2673, 49.8, '2022-11-22 23:23:37', 6, 2),
(2674, 50.2, '2022-11-22 23:23:37', 3, 2),
(2675, 1044.4, '2022-11-22 23:23:37', 1, 3),
(2676, 50.3, '2022-11-22 23:23:37', 4, 2),
(2677, 49.5, '2022-11-22 23:23:37', 5, 2),
(2678, 1046.1, '2022-11-22 23:23:37', 3, 3),
(2679, 1044.7, '2022-11-22 23:23:37', 2, 3),
(2680, 1044.6, '2022-11-22 23:23:37', 5, 3),
(2681, 1045.2, '2022-11-22 23:23:37', 6, 3),
(2682, 1043.3, '2022-11-22 23:23:37', 4, 3),
(2683, 19.7, '2022-11-22 23:23:37', 2, 1),
(2684, 20, '2022-11-22 23:23:37', 3, 1),
(2685, 18.9, '2022-11-22 23:23:37', 1, 1),
(2686, 21.4, '2022-11-22 23:23:37', 4, 1),
(2687, 20.1, '2022-11-22 23:23:37', 5, 1),
(2688, 19.7, '2022-11-22 23:23:37', 6, 1),
(2689, 51.9, '2022-11-22 23:23:37', 1, 2),
(2690, 48.2, '2022-11-22 23:23:37', 2, 2),
(2691, 50.2, '2022-11-22 23:23:37', 4, 2),
(2692, 49.9, '2022-11-22 23:23:37', 6, 2),
(2693, 49.6, '2022-11-22 23:23:37', 5, 2),
(2694, 50.3, '2022-11-22 23:23:38', 3, 2),
(2695, 1044.5, '2022-11-22 23:23:38', 1, 3),
(2696, 1044.8, '2022-11-22 23:23:38', 2, 3),
(2697, 1046.2, '2022-11-22 23:23:38', 3, 3),
(2698, 1044.7, '2022-11-22 23:23:38', 5, 3),
(2699, 1043.3, '2022-11-22 23:23:38', 4, 3),
(2700, 1045.1, '2022-11-22 23:23:38', 6, 3),
(2701, 18.9, '2022-11-22 23:23:38', 1, 1),
(2702, 21.3, '2022-11-22 23:23:38', 4, 1),
(2703, 20, '2022-11-22 23:23:38', 3, 1),
(2704, 19.6, '2022-11-22 23:23:38', 6, 1),
(2705, 20, '2022-11-22 23:23:38', 5, 1),
(2706, 19.6, '2022-11-22 23:23:38', 2, 1),
(2707, 48.1, '2022-11-22 23:23:38', 2, 2),
(2708, 51.8, '2022-11-22 23:23:38', 1, 2),
(2709, 50.2, '2022-11-22 23:23:38', 3, 2),
(2710, 49.5, '2022-11-22 23:23:38', 5, 2),
(2711, 49.8, '2022-11-22 23:23:38', 6, 2),
(2712, 1044.5, '2022-11-22 23:23:38', 1, 3),
(2713, 1044.7, '2022-11-22 23:23:38', 2, 3),
(2714, 50.2, '2022-11-22 23:23:38', 4, 2),
(2715, 1046.1, '2022-11-22 23:23:38', 3, 3),
(2716, 1043.2, '2022-11-22 23:23:38', 4, 3),
(2717, 1044.8, '2022-11-22 23:23:38', 5, 3),
(2718, 1045.1, '2022-11-22 23:23:38', 6, 3),
(2719, 19.9, '2022-11-22 23:23:39', 3, 1),
(2720, 19, '2022-11-22 23:23:39', 1, 1),
(2721, 19.6, '2022-11-22 23:23:39', 2, 1),
(2722, 19.7, '2022-11-22 23:23:39', 6, 1),
(2723, 21.2, '2022-11-22 23:23:39', 4, 1),
(2724, 19.9, '2022-11-22 23:23:39', 5, 1),
(2725, 51.7, '2022-11-22 23:23:39', 1, 2),
(2726, 48.2, '2022-11-22 23:23:39', 2, 2),
(2727, 50.3, '2022-11-22 23:23:39', 3, 2),
(2728, 49.5, '2022-11-22 23:23:39', 5, 2),
(2729, 49.7, '2022-11-22 23:23:39', 6, 2),
(2730, 50.3, '2022-11-22 23:23:39', 4, 2),
(2731, 1044.6, '2022-11-22 23:23:39', 1, 3),
(2732, 1046.1, '2022-11-22 23:23:39', 3, 3),
(2733, 1044.6, '2022-11-22 23:23:39', 2, 3),
(2734, 1043.2, '2022-11-22 23:23:39', 4, 3),
(2735, 1045.1, '2022-11-22 23:23:39', 6, 3),
(2736, 1044.7, '2022-11-22 23:23:39', 5, 3),
(2737, 19.7, '2022-11-22 23:23:41', 2, 1),
(2738, 19, '2022-11-22 23:23:41', 1, 1),
(2739, 19.8, '2022-11-22 23:23:41', 3, 1),
(2740, 19.6, '2022-11-22 23:23:41', 6, 1),
(2741, 51.8, '2022-11-22 23:23:41', 1, 2),
(2742, 20, '2022-11-22 23:23:41', 5, 1),
(2743, 21.2, '2022-11-22 23:23:41', 4, 1),
(2744, 48.1, '2022-11-22 23:23:41', 2, 2),
(2745, 50.2, '2022-11-22 23:23:41', 3, 2),
(2746, 49.5, '2022-11-22 23:23:41', 5, 2),
(2747, 49.7, '2022-11-22 23:23:41', 6, 2),
(2748, 1044.6, '2022-11-22 23:23:41', 2, 3),
(2749, 1044.6, '2022-11-22 23:23:41', 1, 3),
(2750, 50.4, '2022-11-22 23:23:41', 4, 2),
(2751, 1046.1, '2022-11-22 23:23:41', 3, 3),
(2752, 1044.7, '2022-11-22 23:23:41', 5, 3),
(2753, 1043.2, '2022-11-22 23:23:41', 4, 3),
(2754, 1045.2, '2022-11-22 23:23:41', 6, 3),
(2755, 19, '2022-11-22 23:25:31', 1, 1),
(2756, 19.8, '2022-11-22 23:25:31', 3, 1),
(2757, 19.7, '2022-11-22 23:25:31', 2, 1),
(2758, 21.3, '2022-11-22 23:25:31', 4, 1),
(2759, 20.1, '2022-11-22 23:25:31', 5, 1),
(2760, 19.6, '2022-11-22 23:25:31', 6, 1),
(2761, 48.2, '2022-11-22 23:25:31', 2, 2),
(2762, 51.9, '2022-11-22 23:25:31', 1, 2),
(2763, 50.3, '2022-11-22 23:25:31', 3, 2),
(2764, 50.4, '2022-11-22 23:25:31', 4, 2),
(2765, 49.4, '2022-11-22 23:25:31', 5, 2),
(2766, 49.6, '2022-11-22 23:25:31', 6, 2),
(2767, 1044.5, '2022-11-22 23:25:31', 1, 3),
(2768, 1046.2, '2022-11-22 23:25:31', 3, 3),
(2769, 1043.2, '2022-11-22 23:25:31', 4, 3),
(2770, 1044.8, '2022-11-22 23:25:31', 5, 3),
(2771, 1045.2, '2022-11-22 23:25:31', 6, 3),
(2772, 1044.6, '2022-11-22 23:25:31', 2, 3),
(2773, 19.6, '2022-11-22 23:25:34', 2, 1),
(2774, 19, '2022-11-22 23:25:34', 1, 1),
(2775, 19.7, '2022-11-22 23:25:34', 3, 1),
(2776, 21.3, '2022-11-22 23:25:34', 4, 1),
(2777, 20, '2022-11-22 23:25:35', 5, 1),
(2778, 51.8, '2022-11-22 23:25:35', 1, 2),
(2779, 19.7, '2022-11-22 23:25:35', 6, 1),
(2780, 50.2, '2022-11-22 23:25:35', 3, 2),
(2781, 48.3, '2022-11-22 23:25:35', 2, 2),
(2782, 50.5, '2022-11-22 23:25:35', 4, 2),
(2783, 49.4, '2022-11-22 23:25:35', 5, 2),
(2784, 1044.5, '2022-11-22 23:25:35', 1, 3),
(2785, 1044.7, '2022-11-22 23:25:35', 2, 3),
(2786, 49.5, '2022-11-22 23:25:35', 6, 2),
(2787, 1046.1, '2022-11-22 23:25:35', 3, 3),
(2788, 1045.1, '2022-11-22 23:25:35', 6, 3),
(2789, 1043.1, '2022-11-22 23:25:35', 4, 3),
(2790, 1044.8, '2022-11-22 23:25:35', 5, 3),
(2791, 19.5, '2022-11-22 23:25:35', 2, 1),
(2792, 19, '2022-11-22 23:25:35', 1, 1),
(2793, 19.7, '2022-11-22 23:25:35', 3, 1),
(2794, 21.3, '2022-11-22 23:25:35', 4, 1),
(2795, 19.8, '2022-11-22 23:25:35', 6, 1),
(2796, 19.9, '2022-11-22 23:25:35', 5, 1),
(2797, 51.8, '2022-11-22 23:25:35', 1, 2),
(2798, 48.2, '2022-11-22 23:25:35', 2, 2),
(2799, 50.1, '2022-11-22 23:25:35', 3, 2),
(2800, 49.4, '2022-11-22 23:25:35', 5, 2),
(2801, 1044.6, '2022-11-22 23:25:35', 1, 3),
(2802, 49.6, '2022-11-22 23:25:35', 6, 2),
(2803, 1044.8, '2022-11-22 23:25:35', 2, 3),
(2804, 1046, '2022-11-22 23:25:35', 3, 3),
(2805, 1043.2, '2022-11-22 23:25:35', 4, 3),
(2806, 50.5, '2022-11-22 23:25:35', 4, 2),
(2807, 1044.8, '2022-11-22 23:25:35', 5, 3),
(2808, 1045.2, '2022-11-22 23:25:35', 6, 3),
(2809, 18.9, '2022-11-22 23:25:42', 1, 1),
(2810, 19.6, '2022-11-22 23:25:42', 3, 1),
(2811, 21.3, '2022-11-22 23:25:42', 4, 1),
(2812, 20, '2022-11-22 23:25:42', 5, 1),
(2813, 19.6, '2022-11-22 23:25:42', 2, 1),
(2814, 19.8, '2022-11-22 23:25:42', 6, 1),
(2815, 51.9, '2022-11-22 23:25:42', 1, 2),
(2816, 48.2, '2022-11-22 23:25:42', 2, 2),
(2817, 50.1, '2022-11-22 23:25:42', 3, 2),
(2818, 50.4, '2022-11-22 23:25:42', 4, 2),
(2819, 49.4, '2022-11-22 23:25:42', 5, 2),
(2820, 49.7, '2022-11-22 23:25:42', 6, 2),
(2821, 1044.6, '2022-11-22 23:25:42', 1, 3),
(2822, 1046, '2022-11-22 23:25:42', 3, 3),
(2823, 1043.1, '2022-11-22 23:25:42', 4, 3),
(2824, 1044.9, '2022-11-22 23:25:42', 2, 3),
(2825, 1044.8, '2022-11-22 23:25:42', 5, 3),
(2826, 1045.1, '2022-11-22 23:25:42', 6, 3),
(2827, 19, '2022-11-22 23:25:43', 1, 1),
(2828, 19.6, '2022-11-22 23:25:43', 3, 1),
(2829, 19.6, '2022-11-22 23:25:43', 2, 1),
(2830, 19.9, '2022-11-22 23:25:43', 5, 1),
(2831, 19.7, '2022-11-22 23:25:43', 6, 1),
(2832, 21.3, '2022-11-22 23:25:43', 4, 1),
(2833, 51.8, '2022-11-22 23:25:43', 1, 2),
(2834, 48.1, '2022-11-22 23:25:43', 2, 2),
(2835, 49.4, '2022-11-22 23:25:43', 5, 2),
(2836, 50.5, '2022-11-22 23:25:43', 4, 2),
(2837, 50.2, '2022-11-22 23:25:43', 3, 2),
(2838, 49.6, '2022-11-22 23:25:43', 6, 2),
(2839, 1044.5, '2022-11-22 23:25:43', 1, 3),
(2840, 1044.8, '2022-11-22 23:25:43', 2, 3),
(2841, 1043.2, '2022-11-22 23:25:43', 4, 3),
(2842, 1044.8, '2022-11-22 23:25:43', 5, 3),
(2843, 1045.9, '2022-11-22 23:25:43', 3, 3),
(2844, 1045.1, '2022-11-22 23:25:43', 6, 3),
(2845, 19.7, '2022-11-22 23:25:44', 3, 1),
(2846, 18.9, '2022-11-22 23:25:44', 1, 1),
(2847, 19.6, '2022-11-22 23:25:44', 2, 1),
(2848, 21.2, '2022-11-22 23:25:44', 4, 1),
(2849, 19.6, '2022-11-22 23:25:44', 6, 1),
(2850, 19.9, '2022-11-22 23:25:44', 5, 1),
(2851, 51.7, '2022-11-22 23:25:44', 1, 2),
(2852, 48.1, '2022-11-22 23:25:44', 2, 2),
(2853, 49.4, '2022-11-22 23:25:44', 5, 2),
(2854, 49.5, '2022-11-22 23:25:44', 6, 2),
(2855, 50.4, '2022-11-22 23:25:44', 4, 2),
(2856, 1044.7, '2022-11-22 23:25:44', 2, 3),
(2857, 1044.6, '2022-11-22 23:25:44', 1, 3),
(2858, 50.2, '2022-11-22 23:25:44', 3, 2),
(2859, 1046, '2022-11-22 23:25:44', 3, 3),
(2860, 1043.2, '2022-11-22 23:25:44', 4, 3),
(2861, 1044.7, '2022-11-22 23:25:44', 5, 3),
(2862, 1045.1, '2022-11-22 23:25:44', 6, 3),
(2863, 19.6, '2022-11-23 13:33:12', 3, 1),
(2864, 19.6, '2022-11-23 13:33:12', 2, 1),
(2865, 19, '2022-11-23 13:33:12', 1, 1),
(2866, 19.9, '2022-11-23 13:33:12', 5, 1),
(2867, 21.1, '2022-11-23 13:33:12', 4, 1),
(2868, 51.6, '2022-11-23 13:33:12', 1, 2),
(2869, 19.7, '2022-11-23 13:33:12', 6, 1),
(2870, 48.1, '2022-11-23 13:33:12', 2, 2),
(2871, 50.3, '2022-11-23 13:33:12', 3, 2),
(2872, 50.5, '2022-11-23 13:33:12', 4, 2),
(2873, 49.4, '2022-11-23 13:33:12', 5, 2),
(2874, 49.5, '2022-11-23 13:33:12', 6, 2),
(2875, 1044.7, '2022-11-23 13:33:12', 1, 3),
(2876, 1044.6, '2022-11-23 13:33:12', 2, 3),
(2877, 1044.8, '2022-11-23 13:33:12', 5, 3),
(2878, 1043.1, '2022-11-23 13:33:12', 4, 3),
(2879, 1045.1, '2022-11-23 13:33:12', 6, 3),
(2880, 1046, '2022-11-23 13:33:12', 3, 3),
(2881, 19.1, '2022-11-23 13:33:14', 1, 1),
(2882, 19.5, '2022-11-23 13:33:14', 2, 1),
(2883, 19.6, '2022-11-23 13:33:14', 6, 1),
(2884, 19.5, '2022-11-23 13:33:14', 3, 1),
(2885, 19.8, '2022-11-23 13:33:14', 5, 1),
(2886, 21.1, '2022-11-23 13:33:14', 4, 1),
(2887, 51.5, '2022-11-23 13:33:14', 1, 2),
(2888, 48.2, '2022-11-23 13:33:14', 2, 2),
(2889, 50.3, '2022-11-23 13:33:14', 3, 2),
(2890, 50.6, '2022-11-23 13:33:14', 4, 2),
(2891, 49.5, '2022-11-23 13:33:14', 5, 2),
(2892, 49.6, '2022-11-23 13:33:14', 6, 2),
(2893, 1044.5, '2022-11-23 13:33:14', 2, 3),
(2894, 1044.7, '2022-11-23 13:33:14', 1, 3),
(2895, 1046, '2022-11-23 13:33:14', 3, 3),
(2896, 1043.1, '2022-11-23 13:33:14', 4, 3),
(2897, 1045.1, '2022-11-23 13:33:14', 6, 3),
(2898, 1044.7, '2022-11-23 13:33:14', 5, 3),
(2899, 19.2, '2022-11-23 13:33:14', 1, 1),
(2900, 19.6, '2022-11-23 13:33:14', 3, 1),
(2901, 19.4, '2022-11-23 13:33:14', 2, 1),
(2902, 19.6, '2022-11-23 13:33:14', 6, 1),
(2903, 21, '2022-11-23 13:33:14', 4, 1),
(2904, 48.2, '2022-11-23 13:33:14', 2, 2),
(2905, 51.5, '2022-11-23 13:33:14', 1, 2),
(2906, 19.8, '2022-11-23 13:33:14', 5, 1),
(2907, 50.3, '2022-11-23 13:33:14', 3, 2),
(2908, 50.5, '2022-11-23 13:33:14', 4, 2),
(2909, 49.5, '2022-11-23 13:33:14', 6, 2),
(2910, 1044.6, '2022-11-23 13:33:14', 1, 3),
(2911, 49.6, '2022-11-23 13:33:14', 5, 2),
(2912, 1044.4, '2022-11-23 13:33:14', 2, 3),
(2913, 1045.9, '2022-11-23 13:33:14', 3, 3),
(2914, 1043.1, '2022-11-23 13:33:14', 4, 3),
(2915, 1045, '2022-11-23 13:33:14', 6, 3),
(2916, 1044.6, '2022-11-23 13:33:14', 5, 3),
(2917, 19.5, '2022-11-23 13:33:15', 2, 1),
(2918, 19.7, '2022-11-23 13:33:15', 3, 1),
(2919, 19.2, '2022-11-23 13:33:15', 1, 1),
(2920, 21.1, '2022-11-23 13:33:15', 4, 1),
(2921, 19.7, '2022-11-23 13:33:15', 6, 1),
(2922, 19.9, '2022-11-23 13:33:15', 5, 1),
(2923, 51.4, '2022-11-23 13:33:15', 1, 2),
(2924, 48.2, '2022-11-23 13:33:15', 2, 2),
(2925, 49.7, '2022-11-23 13:33:15', 5, 2),
(2926, 50.3, '2022-11-23 13:33:15', 3, 2),
(2927, 49.5, '2022-11-23 13:33:15', 6, 2),
(2928, 50.6, '2022-11-23 13:33:15', 4, 2),
(2929, 1044.5, '2022-11-23 13:33:15', 2, 3),
(2930, 1045.9, '2022-11-23 13:33:15', 3, 3),
(2931, 1044.5, '2022-11-23 13:33:15', 1, 3),
(2932, 1043.1, '2022-11-23 13:33:15', 4, 3),
(2933, 1044.6, '2022-11-23 13:33:15', 5, 3),
(2934, 1045.1, '2022-11-23 13:33:15', 6, 3),
(2935, 19.4, '2022-11-23 13:33:16', 2, 1),
(2936, 19.2, '2022-11-23 13:33:16', 1, 1),
(2937, 19.6, '2022-11-23 13:33:16', 3, 1),
(2938, 19.9, '2022-11-23 13:33:16', 5, 1),
(2939, 21.2, '2022-11-23 13:33:16', 4, 1),
(2940, 19.7, '2022-11-23 13:33:16', 6, 1),
(2941, 51.3, '2022-11-23 13:33:16', 1, 2),
(2942, 48.3, '2022-11-23 13:33:16', 2, 2),
(2943, 50.6, '2022-11-23 13:33:16', 4, 2),
(2944, 50.3, '2022-11-23 13:33:16', 3, 2),
(2945, 1044.4, '2022-11-23 13:33:16', 1, 3),
(2946, 49.5, '2022-11-23 13:33:16', 6, 2),
(2947, 49.6, '2022-11-23 13:33:16', 5, 2),
(2948, 1044.4, '2022-11-23 13:33:16', 2, 3),
(2949, 1045.8, '2022-11-23 13:33:16', 3, 3),
(2950, 1044.6, '2022-11-23 13:33:16', 5, 3),
(2951, 1043.2, '2022-11-23 13:33:16', 4, 3),
(2952, 1045, '2022-11-23 13:33:16', 6, 3),
(2953, 19.1, '2022-11-23 13:33:19', 1, 1),
(2954, 19.4, '2022-11-23 13:33:19', 2, 1),
(2955, 19.7, '2022-11-23 13:33:19', 3, 1),
(2956, 19.7, '2022-11-23 13:33:19', 6, 1),
(2957, 19.9, '2022-11-23 13:33:19', 5, 1),
(2958, 51.3, '2022-11-23 13:33:19', 1, 2),
(2959, 21.3, '2022-11-23 13:33:19', 4, 1),
(2960, 48.2, '2022-11-23 13:33:19', 2, 2),
(2961, 50.2, '2022-11-23 13:33:19', 3, 2),
(2962, 49.5, '2022-11-23 13:33:19', 5, 2),
(2963, 50.6, '2022-11-23 13:33:19', 4, 2),
(2964, 49.6, '2022-11-23 13:33:19', 6, 2),
(2965, 1044.5, '2022-11-23 13:33:19', 1, 3),
(2966, 1045.9, '2022-11-23 13:33:19', 3, 3),
(2967, 1043.3, '2022-11-23 13:33:19', 4, 3),
(2968, 1044.9, '2022-11-23 13:33:19', 6, 3),
(2969, 1044.6, '2022-11-23 13:33:19', 5, 3),
(2970, 1044.5, '2022-11-23 13:33:19', 2, 3),
(2971, 19.3, '2022-11-23 13:33:20', 2, 1),
(2972, 19.8, '2022-11-23 13:33:20', 3, 1),
(2973, 19.2, '2022-11-23 13:33:20', 1, 1),
(2974, 21.4, '2022-11-23 13:33:20', 4, 1),
(2975, 20, '2022-11-23 13:33:20', 5, 1),
(2976, 19.6, '2022-11-23 13:33:20', 6, 1),
(2977, 48.2, '2022-11-23 13:33:20', 2, 2),
(2978, 50.1, '2022-11-23 13:33:20', 3, 2),
(2979, 51.2, '2022-11-23 13:33:20', 1, 2),
(2980, 50.7, '2022-11-23 13:33:20', 4, 2),
(2981, 49.5, '2022-11-23 13:33:20', 6, 2),
(2982, 1044.6, '2022-11-23 13:33:20', 1, 3),
(2983, 49.6, '2022-11-23 13:33:20', 5, 2),
(2984, 1046, '2022-11-23 13:33:20', 3, 3),
(2985, 1044.5, '2022-11-23 13:33:20', 2, 3),
(2986, 1044.6, '2022-11-23 13:33:20', 5, 3),
(2987, 1045, '2022-11-23 13:33:20', 6, 3),
(2988, 1043.3, '2022-11-23 13:33:20', 4, 3),
(2989, 19.3, '2022-11-23 13:33:21', 1, 1),
(2990, 19.3, '2022-11-23 13:33:21', 2, 1),
(2991, 19.8, '2022-11-23 13:33:21', 3, 1),
(2992, 21.5, '2022-11-23 13:33:21', 4, 1),
(2993, 19.9, '2022-11-23 13:33:21', 5, 1),
(2994, 19.7, '2022-11-23 13:33:21', 6, 1),
(2995, 48.3, '2022-11-23 13:33:21', 2, 2),
(2996, 51.1, '2022-11-23 13:33:21', 1, 2),
(2997, 50, '2022-11-23 13:33:21', 3, 2),
(2998, 50.7, '2022-11-23 13:33:21', 4, 2),
(2999, 49.5, '2022-11-23 13:33:21', 5, 2),
(3000, 1044.5, '2022-11-23 13:33:21', 1, 3),
(3001, 1044.5, '2022-11-23 13:33:21', 2, 3),
(3002, 1045.9, '2022-11-23 13:33:21', 3, 3),
(3003, 1043.3, '2022-11-23 13:33:21', 4, 3),
(3004, 49.4, '2022-11-23 13:33:21', 6, 2),
(3005, 1044.7, '2022-11-23 13:33:21', 5, 3),
(3006, 1045, '2022-11-23 13:33:21', 6, 3),
(3007, 19.2, '2022-11-23 13:33:22', 1, 1),
(3008, 19.3, '2022-11-23 13:33:22', 2, 1),
(3009, 19.8, '2022-11-23 13:33:22', 3, 1),
(3010, 21.5, '2022-11-23 13:33:22', 4, 1),
(3011, 19.7, '2022-11-23 13:33:22', 6, 1),
(3012, 51.1, '2022-11-23 13:33:22', 1, 2),
(3013, 20, '2022-11-23 13:33:22', 5, 1),
(3014, 48.2, '2022-11-23 13:33:22', 2, 2),
(3015, 49.9, '2022-11-23 13:33:22', 3, 2),
(3016, 50.7, '2022-11-23 13:33:22', 4, 2),
(3017, 49.5, '2022-11-23 13:33:22', 5, 2),
(3018, 1044.4, '2022-11-23 13:33:22', 1, 3),
(3019, 1044.4, '2022-11-23 13:33:22', 2, 3),
(3020, 49.3, '2022-11-23 13:33:22', 6, 2),
(3021, 1046, '2022-11-23 13:33:22', 3, 3),
(3022, 1044.7, '2022-11-23 13:33:22', 5, 3),
(3023, 1045.1, '2022-11-23 13:33:22', 6, 3),
(3024, 1043.3, '2022-11-23 13:33:22', 4, 3),
(3025, 19.1, '2022-11-23 13:33:23', 1, 1),
(3026, 19.4, '2022-11-23 13:33:23', 2, 1),
(3027, 19.7, '2022-11-23 13:33:23', 3, 1),
(3028, 19.9, '2022-11-23 13:33:23', 5, 1),
(3029, 19.7, '2022-11-23 13:33:23', 6, 1),
(3030, 51.2, '2022-11-23 13:33:23', 1, 2),
(3031, 21.4, '2022-11-23 13:33:23', 4, 1),
(3032, 49.9, '2022-11-23 13:33:23', 3, 2),
(3033, 48.1, '2022-11-23 13:33:23', 2, 2),
(3034, 49.6, '2022-11-23 13:33:23', 5, 2),
(3035, 50.6, '2022-11-23 13:33:23', 4, 2),
(3036, 49.4, '2022-11-23 13:33:23', 6, 2),
(3037, 1044.3, '2022-11-23 13:33:23', 1, 3),
(3038, 1044.5, '2022-11-23 13:33:23', 2, 3),
(3039, 1044.6, '2022-11-23 13:33:23', 5, 3),
(3040, 1045.2, '2022-11-23 13:33:23', 6, 3),
(3041, 1043.3, '2022-11-23 13:33:23', 4, 3),
(3042, 1045.9, '2022-11-23 13:33:23', 3, 3),
(3043, 19.5, '2022-11-23 13:33:23', 2, 1),
(3044, 19, '2022-11-23 13:33:23', 1, 1),
(3045, 19.6, '2022-11-23 13:33:23', 3, 1),
(3046, 19.7, '2022-11-23 13:33:24', 6, 1),
(3047, 21.3, '2022-11-23 13:33:24', 4, 1),
(3048, 19.9, '2022-11-23 13:33:24', 5, 1),
(3049, 51.1, '2022-11-23 13:33:24', 1, 2),
(3050, 48, '2022-11-23 13:33:24', 2, 2),
(3051, 49.5, '2022-11-23 13:33:24', 5, 2),
(3052, 49.9, '2022-11-23 13:33:24', 3, 2),
(3053, 50.5, '2022-11-23 13:33:24', 4, 2),
(3054, 1044.5, '2022-11-23 13:33:24', 2, 3),
(3055, 1044.2, '2022-11-23 13:33:24', 1, 3),
(3056, 49.5, '2022-11-23 13:33:24', 6, 2),
(3057, 1046, '2022-11-23 13:33:24', 3, 3),
(3058, 1043.4, '2022-11-23 13:33:24', 4, 3),
(3059, 1045.2, '2022-11-23 13:33:24', 6, 3),
(3060, 1044.7, '2022-11-23 13:33:24', 5, 3),
(3061, 19, '2022-11-23 13:34:46', 1, 1),
(3062, 19.5, '2022-11-23 13:34:46', 3, 1),
(3063, 19.9, '2022-11-23 13:34:46', 5, 1),
(3064, 19.6, '2022-11-23 13:34:46', 2, 1),
(3065, 21.4, '2022-11-23 13:34:46', 4, 1),
(3066, 19.6, '2022-11-23 13:34:46', 6, 1),
(3067, 51.2, '2022-11-23 13:34:46', 1, 2),
(3068, 49.8, '2022-11-23 13:34:46', 3, 2),
(3069, 50.4, '2022-11-23 13:34:46', 4, 2),
(3070, 48.1, '2022-11-23 13:34:46', 2, 2),
(3071, 1044.1, '2022-11-23 13:34:46', 1, 3),
(3072, 49.5, '2022-11-23 13:34:46', 5, 2),
(3073, 1044.4, '2022-11-23 13:34:46', 2, 3),
(3074, 1046.1, '2022-11-23 13:34:46', 3, 3),
(3075, 1043.5, '2022-11-23 13:34:46', 4, 3),
(3076, 49.5, '2022-11-23 13:34:46', 6, 2),
(3077, 1045.3, '2022-11-23 13:34:46', 6, 3),
(3078, 1044.7, '2022-11-23 13:34:46', 5, 3),
(3079, 19.1, '2022-11-23 16:45:57', 1, 1),
(3080, 19.7, '2022-11-23 16:45:57', 2, 1),
(3081, 21.5, '2022-11-23 16:45:57', 4, 1),
(3082, 19.6, '2022-11-23 16:45:57', 3, 1),
(3083, 20, '2022-11-23 16:45:57', 5, 1),
(3084, 51.3, '2022-11-23 16:45:57', 1, 2),
(3085, 19.6, '2022-11-23 16:45:57', 6, 1),
(3086, 48.1, '2022-11-23 16:45:57', 2, 2),
(3087, 50.4, '2022-11-23 16:45:57', 4, 2),
(3088, 49.8, '2022-11-23 16:45:57', 3, 2),
(3089, 49.5, '2022-11-23 16:45:57', 5, 2),
(3090, 49.6, '2022-11-23 16:45:57', 6, 2),
(3091, 1044.2, '2022-11-23 16:45:57', 1, 3),
(3092, 1044.5, '2022-11-23 16:45:57', 2, 3),
(3093, 1043.6, '2022-11-23 16:45:58', 4, 3),
(3094, 1044.8, '2022-11-23 16:45:58', 5, 3),
(3095, 1046, '2022-11-23 16:45:58', 3, 3),
(3096, 1045.2, '2022-11-23 16:45:58', 6, 3),
(3097, 19.1, '2022-11-23 16:45:59', 1, 1),
(3098, 19.7, '2022-11-23 16:45:59', 2, 1),
(3099, 19.7, '2022-11-23 16:45:59', 3, 1),
(3100, 21.4, '2022-11-23 16:45:59', 4, 1),
(3101, 20.1, '2022-11-23 16:45:59', 5, 1),
(3102, 51.4, '2022-11-23 16:45:59', 1, 2),
(3103, 48.1, '2022-11-23 16:45:59', 2, 2),
(3104, 49.9, '2022-11-23 16:45:59', 3, 2),
(3105, 50.3, '2022-11-23 16:45:59', 4, 2),
(3106, 49.6, '2022-11-23 16:45:59', 5, 2),
(3107, 1044.6, '2022-11-23 16:45:59', 2, 3),
(3108, 1044.2, '2022-11-23 16:45:59', 1, 3),
(3109, 19.7, '2022-11-23 16:45:59', 6, 1),
(3110, 1043.6, '2022-11-23 16:45:59', 4, 3),
(3111, 1045.9, '2022-11-23 16:45:59', 3, 3),
(3112, 49.5, '2022-11-23 16:45:59', 6, 2),
(3113, 1044.9, '2022-11-23 16:45:59', 5, 3),
(3114, 1045.2, '2022-11-23 16:45:59', 6, 3),
(3115, 19.2, '2022-11-23 16:46:00', 1, 1),
(3116, 19.7, '2022-11-23 16:46:00', 2, 1),
(3117, 19.8, '2022-11-23 16:46:00', 3, 1),
(3118, 20.1, '2022-11-23 16:46:00', 5, 1),
(3119, 21.3, '2022-11-23 16:46:00', 4, 1),
(3120, 19.8, '2022-11-23 16:46:00', 6, 1),
(3121, 48, '2022-11-23 16:46:00', 2, 2),
(3122, 50, '2022-11-23 16:46:00', 3, 2),
(3123, 51.4, '2022-11-23 16:46:00', 1, 2),
(3124, 50.3, '2022-11-23 16:46:00', 4, 2),
(3125, 49.6, '2022-11-23 16:46:00', 6, 2),
(3126, 49.6, '2022-11-23 16:46:00', 5, 2),
(3127, 1044.3, '2022-11-23 16:46:00', 1, 3),
(3128, 1043.5, '2022-11-23 16:46:00', 4, 3),
(3129, 1044.5, '2022-11-23 16:46:00', 2, 3),
(3130, 1045.2, '2022-11-23 16:46:00', 6, 3),
(3131, 1045, '2022-11-23 16:46:00', 5, 3),
(3132, 1045.8, '2022-11-23 16:46:00', 3, 3),
(3133, 19.7, '2022-11-23 16:46:00', 2, 1),
(3134, 19.9, '2022-11-23 16:46:00', 3, 1),
(3135, 19.3, '2022-11-23 16:46:00', 1, 1),
(3136, 20.2, '2022-11-23 16:46:00', 5, 1),
(3137, 21.4, '2022-11-23 16:46:00', 4, 1),
(3138, 19.8, '2022-11-23 16:46:00', 6, 1),
(3139, 51.3, '2022-11-23 16:46:00', 1, 2),
(3140, 48.1, '2022-11-23 16:46:00', 2, 2),
(3141, 50, '2022-11-23 16:46:00', 3, 2),
(3142, 50.2, '2022-11-23 16:46:00', 4, 2),
(3143, 49.7, '2022-11-23 16:46:00', 6, 2),
(3144, 49.7, '2022-11-23 16:46:00', 5, 2),
(3145, 1044.2, '2022-11-23 16:46:00', 1, 3),
(3146, 1044.5, '2022-11-23 16:46:00', 2, 3),
(3147, 1045.7, '2022-11-23 16:46:00', 3, 3),
(3148, 1043.6, '2022-11-23 16:46:00', 4, 3),
(3149, 1044.9, '2022-11-23 16:46:00', 5, 3),
(3150, 1045.1, '2022-11-23 16:46:00', 6, 3),
(3151, 19.9, '2022-11-23 16:46:01', 3, 1),
(3152, 19.3, '2022-11-23 16:46:01', 1, 1),
(3153, 19.8, '2022-11-23 16:46:01', 2, 1),
(3154, 20.2, '2022-11-23 16:46:01', 5, 1),
(3155, 21.3, '2022-11-23 16:46:01', 4, 1),
(3156, 51.4, '2022-11-23 16:46:01', 1, 2),
(3157, 19.8, '2022-11-23 16:46:01', 6, 1),
(3158, 48.2, '2022-11-23 16:46:01', 2, 2),
(3159, 50.3, '2022-11-23 16:46:01', 4, 2),
(3160, 50, '2022-11-23 16:46:01', 3, 2),
(3161, 49.8, '2022-11-23 16:46:01', 6, 2),
(3162, 49.8, '2022-11-23 16:46:01', 5, 2),
(3163, 1045.7, '2022-11-23 16:46:01', 3, 3),
(3164, 1044.1, '2022-11-23 16:46:01', 1, 3),
(3165, 1043.5, '2022-11-23 16:46:01', 4, 3),
(3166, 1044.6, '2022-11-23 16:46:01', 2, 3),
(3167, 1045, '2022-11-23 16:46:01', 5, 3),
(3168, 1045.2, '2022-11-23 16:46:01', 6, 3),
(3169, 19.4, '2022-11-23 16:46:02', 1, 1),
(3170, 19.8, '2022-11-23 16:46:02', 2, 1),
(3171, 19.9, '2022-11-23 16:46:03', 3, 1),
(3172, 20.2, '2022-11-23 16:46:03', 5, 1),
(3173, 21.3, '2022-11-23 16:46:03', 4, 1),
(3174, 48.2, '2022-11-23 16:46:03', 2, 2),
(3175, 51.4, '2022-11-23 16:46:03', 1, 2),
(3176, 50.4, '2022-11-23 16:46:03', 4, 2),
(3177, 19.9, '2022-11-23 16:46:03', 6, 1),
(3178, 49.9, '2022-11-23 16:46:03', 3, 2),
(3179, 49.7, '2022-11-23 16:46:03', 5, 2),
(3180, 49.9, '2022-11-23 16:46:03', 6, 2),
(3181, 1044.1, '2022-11-23 16:46:03', 1, 3),
(3182, 1044.7, '2022-11-23 16:46:03', 2, 3),
(3183, 1043.4, '2022-11-23 16:46:03', 4, 3),
(3184, 1044.9, '2022-11-23 16:46:03', 5, 3),
(3185, 1045.6, '2022-11-23 16:46:03', 3, 3),
(3186, 1045.2, '2022-11-23 16:46:03', 6, 3),
(3187, 19.9, '2022-11-23 16:46:03', 2, 1),
(3188, 19.9, '2022-11-23 16:46:03', 6, 1),
(3189, 19.4, '2022-11-23 16:46:03', 1, 1),
(3190, 20.2, '2022-11-23 16:46:03', 5, 1),
(3191, 51.5, '2022-11-23 16:46:03', 1, 2),
(3192, 20, '2022-11-23 16:46:03', 3, 1),
(3193, 49.9, '2022-11-23 16:46:03', 3, 2),
(3194, 48.1, '2022-11-23 16:46:03', 2, 2),
(3195, 21.2, '2022-11-23 16:46:03', 4, 1),
(3196, 50.4, '2022-11-23 16:46:03', 4, 2),
(3197, 49.8, '2022-11-23 16:46:03', 5, 2),
(3198, 1044.8, '2022-11-23 16:46:03', 2, 3),
(3199, 1043.4, '2022-11-23 16:46:03', 4, 3),
(3200, 49.9, '2022-11-23 16:46:03', 6, 2),
(3201, 1044.1, '2022-11-23 16:46:03', 1, 3),
(3202, 1044.9, '2022-11-23 16:46:03', 5, 3),
(3203, 1045.3, '2022-11-23 16:46:03', 6, 3),
(3204, 1045.5, '2022-11-23 16:46:03', 3, 3),
(3205, 19.8, '2022-11-23 16:46:04', 2, 1),
(3206, 19.5, '2022-11-23 16:46:04', 1, 1),
(3207, 20, '2022-11-23 16:46:04', 3, 1),
(3208, 21.1, '2022-11-23 16:46:04', 4, 1),
(3209, 20.3, '2022-11-23 16:46:04', 5, 1),
(3210, 51.4, '2022-11-23 16:46:04', 1, 2),
(3211, 48.1, '2022-11-23 16:46:04', 2, 2),
(3212, 19.8, '2022-11-23 16:46:04', 6, 1),
(3213, 49.7, '2022-11-23 16:46:04', 5, 2),
(3214, 50.4, '2022-11-23 16:46:04', 4, 2),
(3215, 49.9, '2022-11-23 16:46:04', 3, 2),
(3216, 49.8, '2022-11-23 16:46:04', 6, 2),
(3217, 1044.7, '2022-11-23 16:46:04', 2, 3),
(3218, 1044.2, '2022-11-23 16:46:04', 1, 3),
(3219, 1045.5, '2022-11-23 16:46:04', 3, 3),
(3220, 1043.3, '2022-11-23 16:46:04', 4, 3),
(3221, 1045.3, '2022-11-23 16:46:04', 6, 3),
(3222, 1044.8, '2022-11-23 16:46:04', 5, 3),
(3223, 19.5, '2022-11-23 16:46:04', 1, 1),
(3224, 20.1, '2022-11-23 16:46:04', 3, 1),
(3225, 19.7, '2022-11-23 16:46:04', 2, 1),
(3226, 20.3, '2022-11-23 16:46:04', 5, 1),
(3227, 21, '2022-11-23 16:46:04', 4, 1),
(3228, 51.3, '2022-11-23 16:46:04', 1, 2),
(3229, 19.9, '2022-11-23 16:46:04', 6, 1),
(3230, 49.8, '2022-11-23 16:46:04', 3, 2),
(3231, 50.3, '2022-11-23 16:46:04', 4, 2),
(3232, 48, '2022-11-23 16:46:04', 2, 2),
(3233, 49.8, '2022-11-23 16:46:04', 5, 2),
(3234, 49.7, '2022-11-23 16:46:04', 6, 2),
(3235, 1044.1, '2022-11-23 16:46:04', 1, 3),
(3236, 1045.4, '2022-11-23 16:46:04', 3, 3),
(3237, 1043.2, '2022-11-23 16:46:04', 4, 3),
(3238, 1044.6, '2022-11-23 16:46:04', 2, 3),
(3239, 1045.2, '2022-11-23 16:46:04', 6, 3),
(3240, 1044.9, '2022-11-23 16:46:04', 5, 3),
(3241, 19.5, '2022-11-23 16:46:05', 1, 1),
(3242, 20.2, '2022-11-23 16:46:05', 3, 1),
(3243, 19.7, '2022-11-23 16:46:05', 2, 1),
(3244, 20.3, '2022-11-23 16:46:05', 5, 1),
(3245, 20, '2022-11-23 16:46:05', 6, 1),
(3246, 21, '2022-11-23 16:46:05', 4, 1),
(3247, 48.1, '2022-11-23 16:46:05', 2, 2),
(3248, 51.3, '2022-11-23 16:46:05', 1, 2),
(3249, 49.8, '2022-11-23 16:46:05', 3, 2),
(3250, 50.4, '2022-11-23 16:46:05', 4, 2),
(3251, 49.9, '2022-11-23 16:46:05', 5, 2),
(3252, 49.8, '2022-11-23 16:46:05', 6, 2),
(3253, 1044.1, '2022-11-23 16:46:05', 1, 3),
(3254, 1044.5, '2022-11-23 16:46:05', 2, 3),
(3255, 1045.4, '2022-11-23 16:46:05', 3, 3),
(3256, 1045.2, '2022-11-23 16:46:05', 6, 3),
(3257, 1045, '2022-11-23 16:46:05', 5, 3),
(3258, 1043.2, '2022-11-23 16:46:05', 4, 3),
(3259, 19.6, '2022-11-23 16:46:05', 1, 1),
(3260, 19.7, '2022-11-23 16:46:05', 2, 1),
(3261, 20.2, '2022-11-23 16:46:05', 3, 1),
(3262, 20.4, '2022-11-23 16:46:05', 5, 1),
(3263, 20, '2022-11-23 16:46:05', 6, 1),
(3264, 51.3, '2022-11-23 16:46:05', 1, 2),
(3265, 21, '2022-11-23 16:46:05', 4, 1),
(3266, 49.9, '2022-11-23 16:46:05', 3, 2),
(3267, 50.5, '2022-11-23 16:46:05', 4, 2),
(3268, 49.8, '2022-11-23 16:46:05', 6, 2),
(3269, 48, '2022-11-23 16:46:05', 2, 2),
(3270, 1044.1, '2022-11-23 16:46:05', 1, 3),
(3271, 1044.6, '2022-11-23 16:46:05', 2, 3),
(3272, 49.8, '2022-11-23 16:46:05', 5, 2),
(3273, 1045, '2022-11-23 16:46:05', 5, 3),
(3274, 1045.4, '2022-11-23 16:46:05', 3, 3),
(3275, 1043.2, '2022-11-23 16:46:05', 4, 3),
(3276, 1045.3, '2022-11-23 16:46:05', 6, 3),
(3277, 20.3, '2022-11-23 16:46:06', 3, 1),
(3278, 19.6, '2022-11-23 16:46:06', 1, 1),
(3279, 19.8, '2022-11-23 16:46:06', 2, 1),
(3280, 21.1, '2022-11-23 16:46:06', 4, 1),
(3281, 20.3, '2022-11-23 16:46:06', 5, 1),
(3282, 20.1, '2022-11-23 16:46:06', 6, 1),
(3283, 51.3, '2022-11-23 16:46:06', 1, 2),
(3284, 48, '2022-11-23 16:46:06', 2, 2),
(3285, 49.9, '2022-11-23 16:46:06', 3, 2),
(3286, 50.5, '2022-11-23 16:46:06', 4, 2),
(3287, 1044.2, '2022-11-23 16:46:06', 1, 3),
(3288, 49.8, '2022-11-23 16:46:06', 5, 2),
(3289, 1044.6, '2022-11-23 16:46:06', 2, 3),
(3290, 1045.5, '2022-11-23 16:46:06', 3, 3),
(3291, 49.9, '2022-11-23 16:46:06', 6, 2),
(3292, 1043.1, '2022-11-23 16:46:06', 4, 3),
(3293, 1045.2, '2022-11-23 16:46:06', 6, 3),
(3294, 1044.9, '2022-11-23 16:46:06', 5, 3),
(3295, 19.7, '2022-11-23 16:46:06', 1, 1),
(3296, 19.9, '2022-11-23 16:46:06', 2, 1),
(3297, 21.1, '2022-11-23 16:46:06', 4, 1),
(3298, 20.4, '2022-11-23 16:46:06', 3, 1),
(3299, 20.3, '2022-11-23 16:46:06', 5, 1),
(3300, 51.4, '2022-11-23 16:46:06', 1, 2),
(3301, 20.1, '2022-11-23 16:46:06', 6, 1),
(3302, 47.9, '2022-11-23 16:46:06', 2, 2),
(3303, 50.5, '2022-11-23 16:46:06', 4, 2),
(3304, 49.9, '2022-11-23 16:46:06', 3, 2),
(3305, 49.7, '2022-11-23 16:46:06', 5, 2),
(3306, 49.9, '2022-11-23 16:46:06', 6, 2),
(3307, 1044.2, '2022-11-23 16:46:06', 1, 3),
(3308, 1044.6, '2022-11-23 16:46:06', 2, 3),
(3309, 1045.5, '2022-11-23 16:46:06', 3, 3),
(3310, 1043.2, '2022-11-23 16:46:06', 4, 3),
(3311, 1045, '2022-11-23 16:46:06', 5, 3),
(3312, 1045.1, '2022-11-23 16:46:06', 6, 3),
(3313, 19.9, '2022-11-23 16:46:07', 2, 1),
(3314, 19.7, '2022-11-23 16:46:07', 1, 1),
(3315, 20.3, '2022-11-23 16:46:07', 3, 1),
(3316, 20.3, '2022-11-23 16:46:07', 5, 1),
(3317, 21.2, '2022-11-23 16:46:07', 4, 1),
(3318, 48, '2022-11-23 16:46:07', 2, 2),
(3319, 51.3, '2022-11-23 16:46:07', 1, 2),
(3320, 20, '2022-11-23 16:46:07', 6, 1),
(3321, 50, '2022-11-23 16:46:07', 3, 2),
(3322, 50.4, '2022-11-23 16:46:07', 4, 2),
(3323, 49.8, '2022-11-23 16:46:07', 5, 2),
(3324, 1044.1, '2022-11-23 16:46:07', 1, 3),
(3325, 49.9, '2022-11-23 16:46:07', 6, 2),
(3326, 1044.5, '2022-11-23 16:46:07', 2, 3),
(3327, 1043.1, '2022-11-23 16:46:07', 4, 3),
(3328, 1045.6, '2022-11-23 16:46:07', 3, 3),
(3329, 1045.1, '2022-11-23 16:46:07', 5, 3),
(3330, 1045, '2022-11-23 16:46:07', 6, 3),
(3331, 20, '2022-11-23 16:46:07', 2, 1),
(3332, 19.7, '2022-11-23 16:46:07', 1, 1),
(3333, 20.3, '2022-11-23 16:46:07', 3, 1),
(3334, 21.3, '2022-11-23 16:46:07', 4, 1),
(3335, 48.1, '2022-11-23 16:46:07', 2, 2),
(3336, 20.2, '2022-11-23 16:46:07', 5, 1),
(3337, 20.1, '2022-11-23 16:46:07', 6, 1),
(3338, 51.3, '2022-11-23 16:46:07', 1, 2),
(3339, 50.3, '2022-11-23 16:46:07', 4, 2),
(3340, 50, '2022-11-23 16:46:08', 3, 2),
(3341, 1044, '2022-11-23 16:46:08', 1, 3),
(3342, 50, '2022-11-23 16:46:08', 6, 2),
(3343, 49.7, '2022-11-23 16:46:08', 5, 2),
(3344, 1044.4, '2022-11-23 16:46:08', 2, 3),
(3345, 1045.5, '2022-11-23 16:46:08', 3, 3),
(3346, 1045.1, '2022-11-23 16:46:08', 5, 3),
(3347, 1045, '2022-11-23 16:46:08', 6, 3),
(3348, 1043, '2022-11-23 16:46:08', 4, 3),
(3349, 19.9, '2022-11-23 16:46:08', 2, 1),
(3350, 20.3, '2022-11-23 16:46:08', 3, 1),
(3351, 19.7, '2022-11-23 16:46:08', 1, 1),
(3352, 20.1, '2022-11-23 16:46:08', 5, 1),
(3353, 20.2, '2022-11-23 16:46:08', 6, 1),
(3354, 48, '2022-11-23 16:46:08', 2, 2),
(3355, 51.3, '2022-11-23 16:46:08', 1, 2),
(3356, 21.3, '2022-11-23 16:46:08', 4, 1),
(3357, 50.1, '2022-11-23 16:46:08', 3, 2),
(3358, 50.4, '2022-11-23 16:46:08', 4, 2),
(3359, 49.9, '2022-11-23 16:46:08', 6, 2),
(3360, 1043.9, '2022-11-23 16:46:08', 1, 3),
(3361, 49.6, '2022-11-23 16:46:08', 5, 2),
(3362, 1044.4, '2022-11-23 16:46:08', 2, 3),
(3363, 1045.6, '2022-11-23 16:46:08', 3, 3),
(3364, 1045, '2022-11-23 16:46:08', 5, 3),
(3365, 1045, '2022-11-23 16:46:08', 6, 3),
(3366, 1043, '2022-11-23 16:46:08', 4, 3),
(3367, 19.9, '2022-11-23 16:46:09', 2, 1),
(3368, 19.8, '2022-11-23 16:46:09', 1, 1),
(3369, 20.4, '2022-11-23 16:46:09', 3, 1),
(3370, 20.2, '2022-11-23 16:46:09', 5, 1),
(3371, 21.2, '2022-11-23 16:46:09', 4, 1),
(3372, 51.4, '2022-11-23 16:46:09', 1, 2),
(3373, 48, '2022-11-23 16:46:09', 2, 2),
(3374, 20.2, '2022-11-23 16:46:09', 6, 1),
(3375, 50.4, '2022-11-23 16:46:09', 4, 2),
(3376, 50.2, '2022-11-23 16:46:09', 3, 2),
(3377, 1044, '2022-11-23 16:46:09', 1, 3),
(3378, 49.7, '2022-11-23 16:46:09', 5, 2),
(3379, 1044.3, '2022-11-23 16:46:09', 2, 3),
(3380, 49.9, '2022-11-23 16:46:09', 6, 2),
(3381, 1045.5, '2022-11-23 16:46:09', 3, 3),
(3382, 1043, '2022-11-23 16:46:09', 4, 3),
(3383, 1044.9, '2022-11-23 16:46:09', 6, 3),
(3384, 1044.9, '2022-11-23 16:46:09', 5, 3),
(3385, 20, '2022-11-23 16:46:09', 2, 1),
(3386, 19.9, '2022-11-23 16:46:09', 1, 1),
(3387, 20.5, '2022-11-23 16:46:09', 3, 1),
(3388, 21.1, '2022-11-23 16:46:09', 4, 1),
(3389, 20.2, '2022-11-23 16:46:09', 6, 1),
(3390, 20.2, '2022-11-23 16:46:09', 5, 1),
(3391, 51.5, '2022-11-23 16:46:09', 1, 2),
(3392, 48, '2022-11-23 16:46:09', 2, 2),
(3393, 50.1, '2022-11-23 16:46:09', 3, 2),
(3394, 50.3, '2022-11-23 16:46:09', 4, 2),
(3395, 49.6, '2022-11-23 16:46:09', 5, 2),
(3396, 49.9, '2022-11-23 16:46:09', 6, 2),
(3397, 1044.1, '2022-11-23 16:46:09', 1, 3),
(3398, 1044.3, '2022-11-23 16:46:09', 2, 3),
(3399, 1045.4, '2022-11-23 16:46:09', 3, 3),
(3400, 1042.9, '2022-11-23 16:46:09', 4, 3),
(3401, 1044.9, '2022-11-23 16:46:09', 6, 3),
(3402, 1044.8, '2022-11-23 16:46:09', 5, 3),
(3403, 20, '2022-11-23 16:46:10', 1, 1),
(3404, 20.5, '2022-11-23 16:46:10', 3, 1),
(3405, 20, '2022-11-23 16:46:10', 2, 1),
(3406, 20.1, '2022-11-23 16:46:10', 5, 1),
(3407, 51.5, '2022-11-23 16:46:10', 1, 2),
(3408, 20.3, '2022-11-23 16:46:10', 6, 1),
(3409, 21.2, '2022-11-23 16:46:10', 4, 1),
(3410, 48, '2022-11-23 16:46:10', 2, 2),
(3411, 50.2, '2022-11-23 16:46:10', 3, 2),
(3412, 49.5, '2022-11-23 16:46:10', 5, 2),
(3413, 50, '2022-11-23 16:46:10', 6, 2),
(3414, 50.2, '2022-11-23 16:46:10', 4, 2),
(3415, 1044, '2022-11-23 16:46:10', 1, 3),
(3416, 1044.3, '2022-11-23 16:46:10', 2, 3),
(3417, 1043, '2022-11-23 16:46:10', 4, 3),
(3418, 1045.5, '2022-11-23 16:46:10', 3, 3),
(3419, 1045, '2022-11-23 16:46:10', 6, 3),
(3420, 1044.8, '2022-11-23 16:46:10', 5, 3),
(3421, 20.1, '2022-11-23 16:46:10', 2, 1),
(3422, 19.9, '2022-11-23 16:46:10', 1, 1),
(3423, 20.4, '2022-11-23 16:46:10', 3, 1),
(3424, 20.1, '2022-11-23 16:46:10', 5, 1),
(3425, 21.1, '2022-11-23 16:46:10', 4, 1),
(3426, 20.3, '2022-11-23 16:46:10', 6, 1),
(3427, 51.6, '2022-11-23 16:46:10', 1, 2),
(3428, 48, '2022-11-23 16:46:10', 2, 2),
(3429, 50.3, '2022-11-23 16:46:10', 3, 2),
(3430, 49.5, '2022-11-23 16:46:10', 5, 2),
(3431, 50, '2022-11-23 16:46:10', 6, 2),
(3432, 50.3, '2022-11-23 16:46:10', 4, 2),
(3433, 1044.2, '2022-11-23 16:46:10', 2, 3),
(3434, 1045.4, '2022-11-23 16:46:10', 3, 3),
(3435, 1042.9, '2022-11-23 16:46:10', 4, 3),
(3436, 1045, '2022-11-23 16:46:10', 6, 3),
(3437, 1044.7, '2022-11-23 16:46:10', 5, 3),
(3438, 1044, '2022-11-23 16:46:10', 1, 3),
(3439, 20, '2022-11-23 16:46:11', 1, 1),
(3440, 20.3, '2022-11-23 16:46:11', 3, 1),
(3441, 20.1, '2022-11-23 16:46:11', 2, 1),
(3442, 21.1, '2022-11-23 16:46:11', 4, 1),
(3443, 20.4, '2022-11-23 16:46:11', 6, 1),
(3444, 20.2, '2022-11-23 16:46:11', 5, 1),
(3445, 48, '2022-11-23 16:46:11', 2, 2),
(3446, 50.2, '2022-11-23 16:46:11', 3, 2),
(3447, 50.4, '2022-11-23 16:46:11', 4, 2),
(3448, 49.6, '2022-11-23 16:46:11', 5, 2),
(3449, 50.1, '2022-11-23 16:46:11', 6, 2),
(3450, 51.6, '2022-11-23 16:46:11', 1, 2),
(3451, 1044.3, '2022-11-23 16:46:11', 2, 3),
(3452, 1045.5, '2022-11-23 16:46:11', 3, 3),
(3453, 1043.9, '2022-11-23 16:46:11', 1, 3),
(3454, 1043, '2022-11-23 16:46:11', 4, 3),
(3455, 1045, '2022-11-23 16:46:11', 6, 3),
(3456, 1044.7, '2022-11-23 16:46:11', 5, 3),
(3457, 20.1, '2022-11-23 16:46:11', 2, 1),
(3458, 19.9, '2022-11-23 16:46:11', 1, 1),
(3459, 20.3, '2022-11-23 16:46:11', 3, 1),
(3460, 21, '2022-11-23 16:46:11', 4, 1),
(3461, 20.4, '2022-11-23 16:46:11', 6, 1),
(3462, 20.3, '2022-11-23 16:46:11', 5, 1),
(3463, 51.6, '2022-11-23 16:46:11', 1, 2),
(3464, 48, '2022-11-23 16:46:11', 2, 2),
(3465, 50.2, '2022-11-23 16:46:11', 3, 2),
(3466, 50.4, '2022-11-23 16:46:11', 4, 2),
(3467, 49.5, '2022-11-23 16:46:11', 5, 2),
(3468, 1043.8, '2022-11-23 16:46:11', 1, 3),
(3469, 50.1, '2022-11-23 16:46:11', 6, 2),
(3470, 1044.3, '2022-11-23 16:46:11', 2, 3),
(3471, 1045.5, '2022-11-23 16:46:11', 3, 3),
(3472, 1044.7, '2022-11-23 16:46:11', 5, 3),
(3473, 1045.1, '2022-11-23 16:46:11', 6, 3),
(3474, 1042.9, '2022-11-23 16:46:11', 4, 3),
(3475, 19.9, '2022-11-23 16:46:12', 1, 1),
(3476, 20.4, '2022-11-23 16:46:12', 3, 1),
(3477, 20.2, '2022-11-23 16:46:12', 2, 1),
(3478, 20.9, '2022-11-23 16:46:12', 4, 1),
(3479, 20.4, '2022-11-23 16:46:12', 5, 1),
(3480, 51.6, '2022-11-23 16:46:12', 1, 2),
(3481, 20.5, '2022-11-23 16:46:12', 6, 1),
(3482, 50.1, '2022-11-23 16:46:12', 3, 2),
(3483, 50.3, '2022-11-23 16:46:12', 4, 2),
(3484, 48.1, '2022-11-23 16:46:12', 2, 2),
(3485, 49.5, '2022-11-23 16:46:12', 5, 2),
(3486, 50.1, '2022-11-23 16:46:12', 6, 2),
(3487, 1043.7, '2022-11-23 16:46:12', 1, 3),
(3488, 1044.3, '2022-11-23 16:46:12', 2, 3),
(3489, 1045.6, '2022-11-23 16:46:12', 3, 3),
(3490, 1044.6, '2022-11-23 16:46:12', 5, 3),
(3491, 1042.8, '2022-11-23 16:46:12', 4, 3),
(3492, 1045.2, '2022-11-23 16:46:12', 6, 3),
(3493, 19.9, '2022-11-23 16:46:17', 1, 1),
(3494, 20.2, '2022-11-23 16:46:17', 2, 1),
(3495, 20.4, '2022-11-23 16:46:17', 5, 1),
(3496, 20.8, '2022-11-23 16:46:17', 4, 1),
(3497, 20.4, '2022-11-23 16:46:17', 3, 1),
(3498, 20.5, '2022-11-23 16:46:17', 6, 1),
(3499, 51.5, '2022-11-23 16:46:18', 1, 2),
(3500, 48.1, '2022-11-23 16:46:18', 2, 2),
(3501, 50.1, '2022-11-23 16:46:18', 3, 2),
(3502, 49.5, '2022-11-23 16:46:18', 5, 2),
(3503, 50.3, '2022-11-23 16:46:18', 4, 2),
(3504, 50.2, '2022-11-23 16:46:18', 6, 2),
(3505, 1043.7, '2022-11-23 16:46:18', 1, 3),
(3506, 1044.3, '2022-11-23 16:46:18', 2, 3),
(3507, 1045.7, '2022-11-23 16:46:18', 3, 3),
(3508, 1042.8, '2022-11-23 16:46:18', 4, 3),
(3509, 1045.3, '2022-11-23 16:46:18', 6, 3),
(3510, 1044.7, '2022-11-23 16:46:18', 5, 3),
(3511, 20, '2022-11-23 16:46:18', 1, 1),
(3512, 20.2, '2022-11-23 16:46:18', 2, 1),
(3513, 20.5, '2022-11-23 16:46:18', 3, 1),
(3514, 20.4, '2022-11-23 16:46:18', 5, 1),
(3515, 20.8, '2022-11-23 16:46:18', 4, 1),
(3516, 20.6, '2022-11-23 16:46:18', 6, 1),
(3517, 51.5, '2022-11-23 16:46:18', 1, 2),
(3518, 50.2, '2022-11-23 16:46:18', 3, 2),
(3519, 50.4, '2022-11-23 16:46:18', 4, 2),
(3520, 49.4, '2022-11-23 16:46:18', 5, 2),
(3521, 1043.8, '2022-11-23 16:46:18', 1, 3),
(3522, 50.3, '2022-11-23 16:46:18', 6, 2),
(3523, 1045.7, '2022-11-23 16:46:18', 3, 3),
(3524, 1044.3, '2022-11-23 16:46:18', 2, 3),
(3525, 1042.9, '2022-11-23 16:46:18', 4, 3),
(3526, 48.2, '2022-11-23 16:46:18', 2, 2),
(3527, 1045.4, '2022-11-23 16:46:18', 6, 3),
(3528, 1044.8, '2022-11-23 16:46:18', 5, 3),
(3529, 20.3, '2022-11-23 16:46:18', 2, 1),
(3530, 20.6, '2022-11-23 16:46:18', 3, 1),
(3531, 20.1, '2022-11-23 16:46:18', 1, 1),
(3532, 20.7, '2022-11-23 16:46:18', 4, 1),
(3533, 20.5, '2022-11-23 16:46:18', 5, 1),
(3534, 51.4, '2022-11-23 16:46:18', 1, 2),
(3535, 20.6, '2022-11-23 16:46:18', 6, 1),
(3536, 48.2, '2022-11-23 16:46:18', 2, 2),
(3537, 50.2, '2022-11-23 16:46:18', 3, 2),
(3538, 50.4, '2022-11-23 16:46:18', 4, 2),
(3539, 49.4, '2022-11-23 16:46:18', 5, 2),
(3540, 50.3, '2022-11-23 16:46:18', 6, 2),
(3541, 1044.4, '2022-11-23 16:46:18', 2, 3),
(3542, 1043.7, '2022-11-23 16:46:18', 1, 3),
(3543, 1042.9, '2022-11-23 16:46:18', 4, 3),
(3544, 1044.7, '2022-11-23 16:46:18', 5, 3),
(3545, 1045.6, '2022-11-23 16:46:18', 3, 3),
(3546, 1045.5, '2022-11-23 16:46:18', 6, 3),
(3547, 20.5, '2022-11-23 16:46:19', 3, 1),
(3548, 20.2, '2022-11-23 16:46:19', 2, 1),
(3549, 20, '2022-11-23 16:46:19', 1, 1),
(3550, 20.6, '2022-11-23 16:46:19', 4, 1),
(3551, 20.4, '2022-11-23 16:46:19', 5, 1),
(3552, 20.7, '2022-11-23 16:46:19', 6, 1),
(3553, 50.2, '2022-11-23 16:46:19', 3, 2),
(3554, 48.2, '2022-11-23 16:46:19', 2, 2),
(3555, 51.4, '2022-11-23 16:46:19', 1, 2),
(3556, 50.5, '2022-11-23 16:46:19', 4, 2),
(3557, 49.4, '2022-11-23 16:46:19', 5, 2),
(3558, 50.3, '2022-11-23 16:46:19', 6, 2),
(3559, 1044.5, '2022-11-23 16:46:19', 2, 3),
(3560, 1045.6, '2022-11-23 16:46:19', 3, 3),
(3561, 1042.9, '2022-11-23 16:46:19', 4, 3),
(3562, 1044.7, '2022-11-23 16:46:19', 5, 3),
(3563, 1043.8, '2022-11-23 16:46:19', 1, 3),
(3564, 1045.4, '2022-11-23 16:46:19', 6, 3),
(3565, 20.3, '2022-11-23 16:46:19', 2, 1),
(3566, 20.1, '2022-11-23 16:46:19', 1, 1),
(3567, 20.6, '2022-11-23 16:46:19', 3, 1),
(3568, 20.8, '2022-11-23 16:46:19', 6, 1),
(3569, 20.5, '2022-11-23 16:46:19', 5, 1),
(3570, 20.7, '2022-11-23 16:46:19', 4, 1),
(3571, 48.1, '2022-11-23 16:46:19', 2, 2),
(3572, 51.4, '2022-11-23 16:46:19', 1, 2),
(3573, 50.1, '2022-11-23 16:46:19', 3, 2),
(3574, 50.6, '2022-11-23 16:46:19', 4, 2),
(3575, 50.4, '2022-11-23 16:46:19', 6, 2),
(3576, 1043.7, '2022-11-23 16:46:19', 1, 3),
(3577, 1044.4, '2022-11-23 16:46:19', 2, 3),
(3578, 49.4, '2022-11-23 16:46:19', 5, 2),
(3579, 1042.9, '2022-11-23 16:46:19', 4, 3),
(3580, 1045.6, '2022-11-23 16:46:19', 3, 3),
(3581, 1045.5, '2022-11-23 16:46:19', 6, 3),
(3582, 1044.7, '2022-11-23 16:46:19', 5, 3),
(3583, 20.2, '2022-11-23 16:46:20', 1, 1),
(3584, 20.4, '2022-11-23 16:46:20', 2, 1),
(3585, 20.7, '2022-11-23 16:46:20', 3, 1),
(3586, 20.9, '2022-11-23 16:46:20', 6, 1),
(3587, 20.7, '2022-11-23 16:46:20', 4, 1),
(3588, 48, '2022-11-23 16:46:20', 2, 2),
(3589, 20.6, '2022-11-23 16:46:20', 5, 1),
(3590, 51.4, '2022-11-23 16:46:20', 1, 2),
(3591, 50.2, '2022-11-23 16:46:20', 3, 2),
(3592, 50.6, '2022-11-23 16:46:20', 4, 2),
(3593, 49.4, '2022-11-23 16:46:20', 5, 2),
(3594, 1044.3, '2022-11-23 16:46:20', 2, 3),
(3595, 1045.6, '2022-11-23 16:46:20', 3, 3),
(3596, 50.4, '2022-11-23 16:46:20', 6, 2),
(3597, 1043.7, '2022-11-23 16:46:20', 1, 3),
(3598, 1045.4, '2022-11-23 16:46:20', 6, 3),
(3599, 1044.7, '2022-11-23 16:46:20', 5, 3),
(3600, 1042.8, '2022-11-23 16:46:20', 4, 3),
(3601, 20.2, '2022-11-23 16:46:20', 1, 1),
(3602, 20.5, '2022-11-23 16:46:20', 2, 1),
(3603, 20.8, '2022-11-23 16:46:20', 3, 1),
(3604, 20.7, '2022-11-23 16:46:20', 4, 1),
(3605, 20.9, '2022-11-23 16:46:20', 6, 1),
(3606, 20.7, '2022-11-23 16:46:20', 5, 1),
(3607, 51.3, '2022-11-23 16:46:20', 1, 2),
(3608, 48, '2022-11-23 16:46:20', 2, 2),
(3609, 50.1, '2022-11-23 16:46:20', 3, 2),
(3610, 50.5, '2022-11-23 16:46:20', 4, 2),
(3611, 49.5, '2022-11-23 16:46:20', 5, 2),
(3612, 50.4, '2022-11-23 16:46:20', 6, 2),
(3613, 1043.7, '2022-11-23 16:46:20', 1, 3),
(3614, 1044.3, '2022-11-23 16:46:20', 2, 3),
(3615, 1042.8, '2022-11-23 16:46:20', 4, 3),
(3616, 1045.4, '2022-11-23 16:46:20', 6, 3),
(3617, 1044.8, '2022-11-23 16:46:20', 5, 3),
(3618, 1045.6, '2022-11-23 16:46:20', 3, 3),
(3619, 20.4, '2022-11-23 16:46:21', 2, 1),
(3620, 20.3, '2022-11-23 16:46:21', 1, 1),
(3621, 20.7, '2022-11-23 16:46:21', 3, 1),
(3622, 20.9, '2022-11-23 16:46:21', 6, 1),
(3623, 20.6, '2022-11-23 16:46:21', 4, 1),
(3624, 20.7, '2022-11-23 16:46:21', 5, 1),
(3625, 50.1, '2022-11-23 16:46:21', 3, 2),
(3626, 51.3, '2022-11-23 16:46:21', 1, 2),
(3627, 50.6, '2022-11-23 16:46:21', 4, 2),
(3628, 48, '2022-11-23 16:46:21', 2, 2),
(3629, 49.6, '2022-11-23 16:46:21', 5, 2),
(3630, 50.5, '2022-11-23 16:46:21', 6, 2),
(3631, 1044.3, '2022-11-23 16:46:21', 2, 3),
(3632, 1043.7, '2022-11-23 16:46:21', 1, 3),
(3633, 1045.7, '2022-11-23 16:46:21', 3, 3),
(3634, 1044.8, '2022-11-23 16:46:21', 5, 3);
INSERT INTO `sensors_values` (`id`, `value`, `date_time`, `room_type_id`, `sensor_type_id`) VALUES
(3635, 1045.4, '2022-11-23 16:46:21', 6, 3),
(3636, 1042.8, '2022-11-23 16:46:21', 4, 3),
(3637, 20.2, '2022-11-23 16:46:21', 1, 1),
(3638, 20.4, '2022-11-23 16:46:21', 2, 1),
(3639, 20.6, '2022-11-23 16:46:21', 3, 1),
(3640, 20.7, '2022-11-23 16:46:21', 4, 1),
(3641, 20.8, '2022-11-23 16:46:21', 5, 1),
(3642, 21, '2022-11-23 16:46:21', 6, 1),
(3643, 51.2, '2022-11-23 16:46:21', 1, 2),
(3644, 47.9, '2022-11-23 16:46:21', 2, 2),
(3645, 50.2, '2022-11-23 16:46:21', 3, 2),
(3646, 49.5, '2022-11-23 16:46:21', 5, 2),
(3647, 50.6, '2022-11-23 16:46:21', 6, 2),
(3648, 50.5, '2022-11-23 16:46:21', 4, 2),
(3649, 1043.7, '2022-11-23 16:46:21', 1, 3),
(3650, 1045.7, '2022-11-23 16:46:21', 3, 3),
(3651, 1044.3, '2022-11-23 16:46:21', 2, 3),
(3652, 1044.7, '2022-11-23 16:46:21', 5, 3),
(3653, 1042.9, '2022-11-23 16:46:21', 4, 3),
(3654, 1045.5, '2022-11-23 16:46:21', 6, 3),
(3655, 20.3, '2022-11-23 16:46:22', 1, 1),
(3656, 20.6, '2022-11-23 16:46:22', 3, 1),
(3657, 20.8, '2022-11-23 16:46:22', 5, 1),
(3658, 21, '2022-11-23 16:46:22', 6, 1),
(3659, 20.7, '2022-11-23 16:46:22', 4, 1),
(3660, 51.2, '2022-11-23 16:46:22', 1, 2),
(3661, 20.5, '2022-11-23 16:46:22', 2, 1),
(3662, 47.8, '2022-11-23 16:46:22', 2, 2),
(3663, 50.2, '2022-11-23 16:46:22', 3, 2),
(3664, 50.4, '2022-11-23 16:46:22', 4, 2),
(3665, 50.7, '2022-11-23 16:46:22', 6, 2),
(3666, 49.6, '2022-11-23 16:46:22', 5, 2),
(3667, 1043.6, '2022-11-23 16:46:22', 1, 3),
(3668, 1045.8, '2022-11-23 16:46:22', 3, 3),
(3669, 1042.9, '2022-11-23 16:46:22', 4, 3),
(3670, 1044.4, '2022-11-23 16:46:22', 2, 3),
(3671, 1045.5, '2022-11-23 16:46:22', 6, 3),
(3672, 1044.6, '2022-11-23 16:46:22', 5, 3),
(3673, 20.3, '2022-11-23 16:46:23', 1, 1),
(3674, 20.4, '2022-11-23 16:46:23', 2, 1),
(3675, 21, '2022-11-23 16:46:23', 6, 1),
(3676, 20.9, '2022-11-23 16:46:23', 5, 1),
(3677, 51.1, '2022-11-23 16:46:23', 1, 2),
(3678, 20.6, '2022-11-23 16:46:23', 3, 1),
(3679, 47.9, '2022-11-23 16:46:23', 2, 2),
(3680, 20.6, '2022-11-23 16:46:23', 4, 1),
(3681, 50.4, '2022-11-23 16:46:23', 4, 2),
(3682, 50.1, '2022-11-23 16:46:23', 3, 2),
(3683, 49.5, '2022-11-23 16:46:23', 5, 2),
(3684, 50.8, '2022-11-23 16:46:23', 6, 2),
(3685, 1043.6, '2022-11-23 16:46:23', 1, 3),
(3686, 1044.5, '2022-11-23 16:46:23', 2, 3),
(3687, 1045.7, '2022-11-23 16:46:23', 3, 3),
(3688, 1042.8, '2022-11-23 16:46:23', 4, 3),
(3689, 1044.6, '2022-11-23 16:46:23', 5, 3),
(3690, 1045.5, '2022-11-23 16:46:23', 6, 3),
(3691, 20.4, '2022-11-23 16:46:23', 1, 1),
(3692, 20.5, '2022-11-23 16:46:23', 2, 1),
(3693, 20.7, '2022-11-23 16:46:23', 3, 1),
(3694, 20.7, '2022-11-23 16:46:23', 4, 1),
(3695, 21, '2022-11-23 16:46:23', 5, 1),
(3696, 21, '2022-11-23 16:46:23', 6, 1),
(3697, 51.2, '2022-11-23 16:46:23', 1, 2),
(3698, 50.2, '2022-11-23 16:46:23', 3, 2),
(3699, 48, '2022-11-23 16:46:23', 2, 2),
(3700, 50.4, '2022-11-23 16:46:24', 4, 2),
(3701, 49.5, '2022-11-23 16:46:24', 5, 2),
(3702, 50.8, '2022-11-23 16:46:24', 6, 2),
(3703, 1044.5, '2022-11-23 16:46:24', 2, 3),
(3704, 1043.5, '2022-11-23 16:46:24', 1, 3),
(3705, 1042.7, '2022-11-23 16:46:24', 4, 3),
(3706, 1045.7, '2022-11-23 16:46:24', 3, 3),
(3707, 1044.7, '2022-11-23 16:46:24', 5, 3),
(3708, 1045.5, '2022-11-23 16:46:24', 6, 3),
(3709, 20.5, '2022-11-23 16:46:24', 2, 1),
(3710, 20.9, '2022-11-23 16:46:24', 5, 1),
(3711, 20.8, '2022-11-23 16:46:24', 4, 1),
(3712, 20.9, '2022-11-23 16:46:24', 6, 1),
(3713, 20.5, '2022-11-23 16:46:24', 1, 1),
(3714, 48, '2022-11-23 16:46:24', 2, 2),
(3715, 51.1, '2022-11-23 16:46:24', 1, 2),
(3716, 20.8, '2022-11-23 16:46:24', 3, 1),
(3717, 50.3, '2022-11-23 16:46:24', 4, 2),
(3718, 49.4, '2022-11-23 16:46:24', 5, 2),
(3719, 50.3, '2022-11-23 16:46:24', 3, 2),
(3720, 1043.5, '2022-11-23 16:46:24', 1, 3),
(3721, 50.8, '2022-11-23 16:46:24', 6, 2),
(3722, 1044.6, '2022-11-23 16:46:24', 2, 3),
(3723, 1042.8, '2022-11-23 16:46:24', 4, 3),
(3724, 1045.7, '2022-11-23 16:46:24', 3, 3),
(3725, 1045.5, '2022-11-23 16:46:24', 6, 3),
(3726, 1044.7, '2022-11-23 16:46:24', 5, 3),
(3727, 20.4, '2022-11-23 16:46:25', 1, 1),
(3728, 20.6, '2022-11-23 16:46:25', 2, 1),
(3729, 20.8, '2022-11-23 16:46:25', 3, 1),
(3730, 20.9, '2022-11-23 16:46:25', 5, 1),
(3731, 21, '2022-11-23 16:46:25', 6, 1),
(3732, 20.9, '2022-11-23 16:46:25', 4, 1),
(3733, 51.2, '2022-11-23 16:46:25', 1, 2),
(3734, 47.9, '2022-11-23 16:46:25', 2, 2),
(3735, 50.3, '2022-11-23 16:46:25', 3, 2),
(3736, 50.3, '2022-11-23 16:46:25', 4, 2),
(3737, 50.7, '2022-11-23 16:46:25', 6, 2),
(3738, 49.3, '2022-11-23 16:46:25', 5, 2),
(3739, 1043.4, '2022-11-23 16:46:25', 1, 3),
(3740, 1045.8, '2022-11-23 16:46:25', 3, 3),
(3741, 1042.9, '2022-11-23 16:46:25', 4, 3),
(3742, 1044.7, '2022-11-23 16:46:25', 5, 3),
(3743, 1045.5, '2022-11-23 16:46:25', 6, 3),
(3744, 1044.6, '2022-11-23 16:46:25', 2, 3),
(3745, 20.7, '2022-11-23 16:46:25', 2, 1),
(3746, 20.5, '2022-11-23 16:46:25', 1, 1),
(3747, 20.8, '2022-11-23 16:46:25', 4, 1),
(3748, 20.8, '2022-11-23 16:46:25', 3, 1),
(3749, 21, '2022-11-23 16:46:25', 6, 1),
(3750, 21, '2022-11-23 16:46:25', 5, 1),
(3751, 51.3, '2022-11-23 16:46:25', 1, 2),
(3752, 47.8, '2022-11-23 16:46:25', 2, 2),
(3753, 50.2, '2022-11-23 16:46:25', 3, 2),
(3754, 50.4, '2022-11-23 16:46:25', 4, 2),
(3755, 49.3, '2022-11-23 16:46:25', 5, 2),
(3756, 50.7, '2022-11-23 16:46:25', 6, 2),
(3757, 1043.3, '2022-11-23 16:46:25', 1, 3),
(3758, 1045.9, '2022-11-23 16:46:25', 3, 3),
(3759, 1042.9, '2022-11-23 16:46:25', 4, 3),
(3760, 1044.7, '2022-11-23 16:46:25', 2, 3),
(3761, 1044.8, '2022-11-23 16:46:25', 5, 3),
(3762, 1045.5, '2022-11-23 16:46:25', 6, 3),
(3763, 20.8, '2022-11-23 16:46:26', 2, 1),
(3764, 20.6, '2022-11-23 16:46:26', 1, 1),
(3765, 20.9, '2022-11-23 16:46:26', 4, 1),
(3766, 20.8, '2022-11-23 16:46:26', 3, 1),
(3767, 21.1, '2022-11-23 16:46:26', 5, 1),
(3768, 51.2, '2022-11-23 16:46:26', 1, 2),
(3769, 20.9, '2022-11-23 16:46:26', 6, 1),
(3770, 50.3, '2022-11-23 16:46:26', 4, 2),
(3771, 47.8, '2022-11-23 16:46:26', 2, 2),
(3772, 49.4, '2022-11-23 16:46:26', 5, 2),
(3773, 1043.3, '2022-11-23 16:46:26', 1, 3),
(3774, 50.3, '2022-11-23 16:46:26', 3, 2),
(3775, 50.8, '2022-11-23 16:46:26', 6, 2),
(3776, 1044.6, '2022-11-23 16:46:26', 2, 3),
(3777, 1043, '2022-11-23 16:46:26', 4, 3),
(3778, 1046, '2022-11-23 16:46:26', 3, 3),
(3779, 1044.8, '2022-11-23 16:46:26', 5, 3),
(3780, 1045.6, '2022-11-23 16:46:26', 6, 3),
(3781, 20.7, '2022-11-23 16:46:26', 1, 1),
(3782, 20.8, '2022-11-23 16:46:26', 3, 1),
(3783, 20.9, '2022-11-23 16:46:26', 2, 1),
(3784, 21, '2022-11-23 16:46:26', 4, 1),
(3785, 21.2, '2022-11-23 16:46:26', 5, 1),
(3786, 20.8, '2022-11-23 16:46:26', 6, 1),
(3787, 47.9, '2022-11-23 16:46:26', 2, 2),
(3788, 51.3, '2022-11-23 16:46:26', 1, 2),
(3789, 50.3, '2022-11-23 16:46:26', 3, 2),
(3790, 50.2, '2022-11-23 16:46:26', 4, 2),
(3791, 50.9, '2022-11-23 16:46:26', 6, 2),
(3792, 49.4, '2022-11-23 16:46:26', 5, 2),
(3793, 1045.9, '2022-11-23 16:46:26', 3, 3),
(3794, 1044.7, '2022-11-23 16:46:26', 2, 3),
(3795, 1043.3, '2022-11-23 16:46:26', 1, 3),
(3796, 1043.1, '2022-11-23 16:46:26', 4, 3),
(3797, 1044.8, '2022-11-23 16:46:26', 5, 3),
(3798, 1045.6, '2022-11-23 16:46:26', 6, 3),
(3799, 20.9, '2022-11-23 16:46:27', 2, 1),
(3800, 20.8, '2022-11-23 16:46:27', 1, 1),
(3801, 20.8, '2022-11-23 16:46:27', 3, 1),
(3802, 21, '2022-11-23 16:46:27', 4, 1),
(3803, 21.1, '2022-11-23 16:46:27', 5, 1),
(3804, 48, '2022-11-23 16:46:27', 2, 2),
(3805, 51.2, '2022-11-23 16:46:27', 1, 2),
(3806, 50.3, '2022-11-23 16:46:27', 3, 2),
(3807, 50.2, '2022-11-23 16:46:27', 4, 2),
(3808, 49.3, '2022-11-23 16:46:27', 5, 2),
(3809, 50.9, '2022-11-23 16:46:27', 6, 2),
(3810, 20.8, '2022-11-23 16:46:27', 6, 1),
(3811, 1043.2, '2022-11-23 16:46:27', 1, 3),
(3812, 1044.9, '2022-11-23 16:46:27', 5, 3),
(3813, 1044.7, '2022-11-23 16:46:27', 2, 3),
(3814, 1045.8, '2022-11-23 16:46:27', 3, 3),
(3815, 1043.1, '2022-11-23 16:46:27', 4, 3),
(3816, 1045.6, '2022-11-23 16:46:27', 6, 3),
(3817, 20.9, '2022-11-23 16:46:27', 2, 1),
(3818, 20.9, '2022-11-23 16:46:27', 4, 1),
(3819, 20.7, '2022-11-23 16:46:27', 1, 1),
(3820, 21, '2022-11-23 16:46:27', 5, 1),
(3821, 20.9, '2022-11-23 16:46:27', 6, 1),
(3822, 51.1, '2022-11-23 16:46:27', 1, 2),
(3823, 48, '2022-11-23 16:46:27', 2, 2),
(3824, 20.8, '2022-11-23 16:46:27', 3, 1),
(3825, 50.1, '2022-11-23 16:46:27', 4, 2),
(3826, 49.3, '2022-11-23 16:46:27', 5, 2),
(3827, 50.3, '2022-11-23 16:46:27', 3, 2),
(3828, 50.8, '2022-11-23 16:46:27', 6, 2),
(3829, 1043.2, '2022-11-23 16:46:27', 1, 3),
(3830, 1044.6, '2022-11-23 16:46:27', 2, 3),
(3831, 1045.8, '2022-11-23 16:46:27', 3, 3),
(3832, 1043.1, '2022-11-23 16:46:27', 4, 3),
(3833, 1044.8, '2022-11-23 16:46:27', 5, 3),
(3834, 1045.5, '2022-11-23 16:46:27', 6, 3),
(3835, 20.8, '2022-11-23 16:46:28', 1, 1),
(3836, 21, '2022-11-23 16:46:28', 2, 1),
(3837, 20.8, '2022-11-23 16:46:28', 3, 1),
(3838, 21, '2022-11-23 16:46:28', 5, 1),
(3839, 20.8, '2022-11-23 16:46:28', 6, 1),
(3840, 51.1, '2022-11-23 16:46:28', 1, 2),
(3841, 50.1, '2022-11-23 16:46:28', 4, 2),
(3842, 48, '2022-11-23 16:46:28', 2, 2),
(3843, 21, '2022-11-23 16:46:28', 4, 1),
(3844, 49.3, '2022-11-23 16:46:28', 5, 2),
(3845, 50.2, '2022-11-23 16:46:28', 3, 2),
(3846, 50.8, '2022-11-23 16:46:28', 6, 2),
(3847, 1043.1, '2022-11-23 16:46:28', 1, 3),
(3848, 1045.9, '2022-11-23 16:46:28', 3, 3),
(3849, 1043.2, '2022-11-23 16:46:28', 4, 3),
(3850, 1044.7, '2022-11-23 16:46:28', 2, 3),
(3851, 1044.9, '2022-11-23 16:46:28', 5, 3),
(3852, 1045.4, '2022-11-23 16:46:28', 6, 3),
(3853, 20.9, '2022-11-23 16:46:28', 2, 1),
(3854, 20.8, '2022-11-23 16:46:28', 3, 1),
(3855, 20.9, '2022-11-23 16:46:28', 1, 1),
(3856, 20.9, '2022-11-23 16:46:28', 5, 1),
(3857, 21, '2022-11-23 16:46:28', 4, 1),
(3858, 20.9, '2022-11-23 16:46:28', 6, 1),
(3859, 51.1, '2022-11-23 16:46:28', 1, 2),
(3860, 47.9, '2022-11-23 16:46:28', 2, 2),
(3861, 49.4, '2022-11-23 16:46:28', 5, 2),
(3862, 50.2, '2022-11-23 16:46:28', 3, 2),
(3863, 50.1, '2022-11-23 16:46:28', 4, 2),
(3864, 50.8, '2022-11-23 16:46:28', 6, 2),
(3865, 1043, '2022-11-23 16:46:28', 1, 3),
(3866, 1045.9, '2022-11-23 16:46:29', 3, 3),
(3867, 1044.7, '2022-11-23 16:46:29', 2, 3),
(3868, 1043.3, '2022-11-23 16:46:29', 4, 3),
(3869, 1045.4, '2022-11-23 16:46:29', 6, 3),
(3870, 1044.9, '2022-11-23 16:46:29', 5, 3),
(3871, 20.9, '2022-11-23 16:46:29', 1, 1),
(3872, 20.8, '2022-11-23 16:46:29', 3, 1),
(3873, 21, '2022-11-23 16:46:29', 2, 1),
(3874, 21, '2022-11-23 16:46:29', 4, 1),
(3875, 20.9, '2022-11-23 16:46:29', 6, 1),
(3876, 20.9, '2022-11-23 16:46:29', 5, 1),
(3877, 47.8, '2022-11-23 16:46:29', 2, 2),
(3878, 50.1, '2022-11-23 16:46:29', 3, 2),
(3879, 51.1, '2022-11-23 16:46:29', 1, 2),
(3880, 50, '2022-11-23 16:46:29', 4, 2),
(3881, 49.3, '2022-11-23 16:46:29', 5, 2),
(3882, 50.8, '2022-11-23 16:46:29', 6, 2),
(3883, 1044.7, '2022-11-23 16:46:29', 2, 3),
(3884, 1045.8, '2022-11-23 16:46:29', 3, 3),
(3885, 1043, '2022-11-23 16:46:29', 1, 3),
(3886, 1043.4, '2022-11-23 16:46:29', 4, 3),
(3887, 1045.4, '2022-11-23 16:46:29', 6, 3),
(3888, 1044.8, '2022-11-23 16:46:29', 5, 3),
(3889, 21, '2022-11-23 16:46:29', 2, 1),
(3890, 21, '2022-11-23 16:46:29', 1, 1),
(3891, 20.9, '2022-11-23 16:46:29', 3, 1),
(3892, 20.9, '2022-11-23 16:46:29', 4, 1),
(3893, 21, '2022-11-23 16:46:29', 5, 1),
(3894, 51.2, '2022-11-23 16:46:29', 1, 2),
(3895, 47.8, '2022-11-23 16:46:29', 2, 2),
(3896, 50, '2022-11-23 16:46:29', 4, 2),
(3897, 21, '2022-11-23 16:46:29', 6, 1),
(3898, 50.2, '2022-11-23 16:46:29', 3, 2),
(3899, 1043, '2022-11-23 16:46:29', 1, 3),
(3900, 50.8, '2022-11-23 16:46:29', 6, 2),
(3901, 49.4, '2022-11-23 16:46:29', 5, 2),
(3902, 1044.8, '2022-11-23 16:46:29', 2, 3),
(3903, 1043.4, '2022-11-23 16:46:29', 4, 3),
(3904, 1045.9, '2022-11-23 16:46:29', 3, 3),
(3905, 1044.8, '2022-11-23 16:46:29', 5, 3),
(3906, 1045.4, '2022-11-23 16:46:29', 6, 3),
(3907, 21.1, '2022-11-23 16:46:30', 2, 1),
(3908, 20.8, '2022-11-23 16:46:30', 3, 1),
(3909, 21, '2022-11-23 16:46:30', 5, 1),
(3910, 21, '2022-11-23 16:46:30', 1, 1),
(3911, 20.8, '2022-11-23 16:46:30', 4, 1),
(3912, 47.9, '2022-11-23 16:46:30', 2, 2),
(3913, 21.1, '2022-11-23 16:46:30', 6, 1),
(3914, 51.3, '2022-11-23 16:46:30', 1, 2),
(3915, 50.2, '2022-11-23 16:46:30', 3, 2),
(3916, 49.9, '2022-11-23 16:46:30', 4, 2),
(3917, 49.5, '2022-11-23 16:46:30', 5, 2),
(3918, 1043, '2022-11-23 16:46:30', 1, 3),
(3919, 50.7, '2022-11-23 16:46:30', 6, 2),
(3920, 1044.8, '2022-11-23 16:46:30', 2, 3),
(3921, 1043.3, '2022-11-23 16:46:30', 4, 3),
(3922, 1045.4, '2022-11-23 16:46:30', 6, 3),
(3923, 1044.8, '2022-11-23 16:46:30', 5, 3),
(3924, 1045.8, '2022-11-23 16:46:30', 3, 3),
(3925, 21.2, '2022-11-23 16:46:30', 2, 1),
(3926, 20.9, '2022-11-23 16:46:30', 3, 1),
(3927, 20.9, '2022-11-23 16:46:30', 1, 1),
(3928, 20.9, '2022-11-23 16:46:30', 4, 1),
(3929, 21.2, '2022-11-23 16:46:30', 6, 1),
(3930, 51.3, '2022-11-23 16:46:30', 1, 2),
(3931, 47.9, '2022-11-23 16:46:30', 2, 2),
(3932, 21.1, '2022-11-23 16:46:30', 5, 1),
(3933, 50.6, '2022-11-23 16:46:30', 6, 2),
(3934, 50, '2022-11-23 16:46:30', 4, 2),
(3935, 1042.9, '2022-11-23 16:46:30', 1, 3),
(3936, 49.5, '2022-11-23 16:46:30', 5, 2),
(3937, 1044.7, '2022-11-23 16:46:30', 2, 3),
(3938, 1045.7, '2022-11-23 16:46:30', 3, 3),
(3939, 50.3, '2022-11-23 16:46:30', 3, 2),
(3940, 1043.2, '2022-11-23 16:46:30', 4, 3),
(3941, 1044.8, '2022-11-23 16:46:30', 5, 3),
(3942, 1045.4, '2022-11-23 16:46:30', 6, 3),
(3943, 21.2, '2022-11-23 21:26:14', 2, 1),
(3944, 20.8, '2022-11-23 21:26:14', 1, 1),
(3945, 21, '2022-11-23 21:26:14', 3, 1),
(3946, 21, '2022-11-23 21:26:14', 4, 1),
(3947, 21.1, '2022-11-23 21:26:14', 5, 1),
(3948, 51.2, '2022-11-23 21:26:14', 1, 2),
(3949, 48, '2022-11-23 21:26:14', 2, 2),
(3950, 50, '2022-11-23 21:26:14', 4, 2),
(3951, 21.3, '2022-11-23 21:26:14', 6, 1),
(3952, 50.4, '2022-11-23 21:26:14', 3, 2),
(3953, 49.4, '2022-11-23 21:26:14', 5, 2),
(3954, 50.6, '2022-11-23 21:26:14', 6, 2),
(3955, 1044.8, '2022-11-23 21:26:14', 2, 3),
(3956, 1045.8, '2022-11-23 21:26:14', 3, 3),
(3957, 1042.9, '2022-11-23 21:26:14', 1, 3),
(3958, 1044.9, '2022-11-23 21:26:14', 5, 3),
(3959, 1045.3, '2022-11-23 21:26:14', 6, 3),
(3960, 1043.2, '2022-11-23 21:26:14', 4, 3),
(3961, 20.9, '2022-11-23 21:26:17', 3, 1),
(3962, 20.8, '2022-11-23 21:26:17', 1, 1),
(3963, 21.1, '2022-11-23 21:26:17', 2, 1),
(3964, 21, '2022-11-23 21:26:17', 5, 1),
(3965, 21.2, '2022-11-23 21:26:17', 6, 1),
(3966, 51.1, '2022-11-23 21:26:17', 1, 2),
(3967, 20.9, '2022-11-23 21:26:17', 4, 1),
(3968, 47.9, '2022-11-23 21:26:17', 2, 2),
(3969, 50.5, '2022-11-23 21:26:17', 3, 2),
(3970, 50.1, '2022-11-23 21:26:17', 4, 2),
(3971, 1042.8, '2022-11-23 21:26:17', 1, 3),
(3972, 49.3, '2022-11-23 21:26:17', 5, 2),
(3973, 1045.7, '2022-11-23 21:26:17', 3, 3),
(3974, 50.7, '2022-11-23 21:26:17', 6, 2),
(3975, 1043.1, '2022-11-23 21:26:17', 4, 3),
(3976, 1044.7, '2022-11-23 21:26:17', 2, 3),
(3977, 1045.4, '2022-11-23 21:26:17', 6, 3),
(3978, 1044.9, '2022-11-23 21:26:17', 5, 3),
(3979, 20.7, '2022-11-23 21:26:18', 1, 1),
(3980, 21.2, '2022-11-23 21:26:18', 2, 1),
(3981, 21, '2022-11-23 21:26:18', 3, 1),
(3982, 20.9, '2022-11-23 21:26:18', 4, 1),
(3983, 21.2, '2022-11-23 21:26:18', 6, 1),
(3984, 51, '2022-11-23 21:26:18', 1, 2),
(3985, 21, '2022-11-23 21:26:18', 5, 1),
(3986, 47.9, '2022-11-23 21:26:18', 2, 2),
(3987, 50.4, '2022-11-23 21:26:18', 3, 2),
(3988, 50.1, '2022-11-23 21:26:18', 4, 2),
(3989, 49.4, '2022-11-23 21:26:18', 5, 2),
(3990, 50.8, '2022-11-23 21:26:18', 6, 2),
(3991, 1042.7, '2022-11-23 21:26:18', 1, 3),
(3992, 1044.7, '2022-11-23 21:26:18', 2, 3),
(3993, 1043.2, '2022-11-23 21:26:18', 4, 3),
(3994, 1045.6, '2022-11-23 21:26:18', 3, 3),
(3995, 1045.3, '2022-11-23 21:26:18', 6, 3),
(3996, 1044.8, '2022-11-23 21:26:18', 5, 3),
(3997, 20.8, '2022-11-23 21:26:18', 1, 1),
(3998, 21.1, '2022-11-23 21:26:18', 2, 1),
(3999, 20.9, '2022-11-23 21:26:18', 3, 1),
(4000, 20.8, '2022-11-23 21:26:18', 4, 1),
(4001, 20.9, '2022-11-23 21:26:18', 5, 1),
(4002, 51.1, '2022-11-23 21:26:18', 1, 2),
(4003, 21.1, '2022-11-23 21:26:18', 6, 1),
(4004, 47.9, '2022-11-23 21:26:18', 2, 2),
(4005, 50.1, '2022-11-23 21:26:18', 4, 2),
(4006, 50.5, '2022-11-23 21:26:18', 3, 2),
(4007, 50.7, '2022-11-23 21:26:18', 6, 2),
(4008, 1042.7, '2022-11-23 21:26:18', 1, 3),
(4009, 1045.6, '2022-11-23 21:26:18', 3, 3),
(4010, 49.4, '2022-11-23 21:26:18', 5, 2),
(4011, 1044.6, '2022-11-23 21:26:18', 2, 3),
(4012, 1043.2, '2022-11-23 21:26:19', 4, 3),
(4013, 1045.3, '2022-11-23 21:26:19', 6, 3),
(4014, 1044.7, '2022-11-23 21:26:19', 5, 3),
(4015, 20.8, '2022-11-23 21:26:19', 1, 1),
(4016, 20.8, '2022-11-23 21:26:19', 3, 1),
(4017, 21.1, '2022-11-23 21:26:19', 2, 1),
(4018, 20.8, '2022-11-23 21:26:19', 4, 1),
(4019, 20.8, '2022-11-23 21:26:19', 5, 1),
(4020, 21.1, '2022-11-23 21:26:19', 6, 1),
(4021, 51.2, '2022-11-23 21:26:19', 1, 2),
(4022, 50.6, '2022-11-23 21:26:19', 3, 2),
(4023, 47.9, '2022-11-23 21:26:19', 2, 2),
(4024, 49.5, '2022-11-23 21:26:19', 5, 2),
(4025, 50, '2022-11-23 21:26:19', 4, 2),
(4026, 50.6, '2022-11-23 21:26:19', 6, 2),
(4027, 1044.5, '2022-11-23 21:26:19', 2, 3),
(4028, 1045.7, '2022-11-23 21:26:19', 3, 3),
(4029, 1042.8, '2022-11-23 21:26:19', 1, 3),
(4030, 1043.1, '2022-11-23 21:26:19', 4, 3),
(4031, 1045.4, '2022-11-23 21:26:19', 6, 3),
(4032, 1044.7, '2022-11-23 21:26:19', 5, 3),
(4033, 20.7, '2022-11-23 21:26:19', 1, 1),
(4034, 20.7, '2022-11-23 21:26:19', 3, 1),
(4035, 21, '2022-11-23 21:26:19', 2, 1),
(4036, 20.7, '2022-11-23 21:26:19', 5, 1),
(4037, 21, '2022-11-23 21:26:19', 6, 1),
(4038, 20.7, '2022-11-23 21:26:19', 4, 1),
(4039, 51.1, '2022-11-23 21:26:19', 1, 2),
(4040, 50.5, '2022-11-23 21:26:19', 3, 2),
(4041, 48, '2022-11-23 21:26:19', 2, 2),
(4042, 49.9, '2022-11-23 21:26:19', 4, 2),
(4043, 49.4, '2022-11-23 21:26:19', 5, 2),
(4044, 1042.8, '2022-11-23 21:26:19', 1, 3),
(4045, 50.6, '2022-11-23 21:26:19', 6, 2),
(4046, 1044.6, '2022-11-23 21:26:19', 2, 3),
(4047, 1045.7, '2022-11-23 21:26:19', 3, 3),
(4048, 1043.2, '2022-11-23 21:26:19', 4, 3),
(4049, 1044.8, '2022-11-23 21:26:20', 5, 3),
(4050, 1045.4, '2022-11-23 21:26:20', 6, 3),
(4051, 20.6, '2022-11-23 21:26:20', 1, 1),
(4052, 20.9, '2022-11-23 21:26:20', 2, 1),
(4053, 20.6, '2022-11-23 21:26:20', 3, 1),
(4054, 20.7, '2022-11-23 21:26:20', 4, 1),
(4055, 20.6, '2022-11-23 21:26:20', 5, 1),
(4056, 21, '2022-11-23 21:26:20', 6, 1),
(4057, 51.1, '2022-11-23 21:26:20', 1, 2),
(4058, 50.5, '2022-11-23 21:26:20', 3, 2),
(4059, 47.9, '2022-11-23 21:26:20', 2, 2),
(4060, 49.8, '2022-11-23 21:26:20', 4, 2),
(4061, 49.4, '2022-11-23 21:26:20', 5, 2),
(4062, 1044.5, '2022-11-23 21:26:20', 2, 3),
(4063, 50.6, '2022-11-23 21:26:20', 6, 2),
(4064, 1042.8, '2022-11-23 21:26:20', 1, 3),
(4065, 1045.7, '2022-11-23 21:26:20', 3, 3),
(4066, 1044.7, '2022-11-23 21:26:20', 5, 3),
(4067, 1043.2, '2022-11-23 21:26:20', 4, 3),
(4068, 1045.3, '2022-11-23 21:26:20', 6, 3),
(4069, 20.6, '2022-11-23 21:26:20', 1, 1),
(4070, 20.9, '2022-11-23 21:26:20', 2, 1),
(4071, 20.5, '2022-11-23 21:26:20', 3, 1),
(4072, 20.7, '2022-11-23 21:26:20', 4, 1),
(4073, 21, '2022-11-23 21:26:20', 6, 1),
(4074, 20.5, '2022-11-23 21:26:20', 5, 1),
(4075, 51.2, '2022-11-23 21:26:20', 1, 2),
(4076, 47.9, '2022-11-23 21:26:20', 2, 2),
(4077, 50.4, '2022-11-23 21:26:20', 3, 2),
(4078, 49.8, '2022-11-23 21:26:20', 4, 2),
(4079, 50.5, '2022-11-23 21:26:20', 6, 2),
(4080, 1042.8, '2022-11-23 21:26:20', 1, 3),
(4081, 49.5, '2022-11-23 21:26:20', 5, 2),
(4082, 1044.4, '2022-11-23 21:26:20', 2, 3),
(4083, 1045.7, '2022-11-23 21:26:20', 3, 3),
(4084, 1044.8, '2022-11-23 21:26:20', 5, 3),
(4085, 1043.2, '2022-11-23 21:26:20', 4, 3),
(4086, 1045.3, '2022-11-23 21:26:20', 6, 3),
(4087, 20.7, '2022-11-23 21:26:21', 1, 1),
(4088, 20.9, '2022-11-23 21:26:21', 2, 1),
(4089, 20.4, '2022-11-23 21:26:21', 3, 1),
(4090, 21, '2022-11-23 21:26:21', 6, 1),
(4091, 20.5, '2022-11-23 21:26:21', 5, 1),
(4092, 20.8, '2022-11-23 21:26:21', 4, 1),
(4093, 50.3, '2022-11-23 21:26:21', 3, 2),
(4094, 51.3, '2022-11-23 21:26:21', 1, 2),
(4095, 49.5, '2022-11-23 21:26:21', 5, 2),
(4096, 49.8, '2022-11-23 21:26:21', 4, 2),
(4097, 47.9, '2022-11-23 21:26:21', 2, 2),
(4098, 1042.8, '2022-11-23 21:26:21', 1, 3),
(4099, 50.6, '2022-11-23 21:26:21', 6, 2),
(4100, 1044.3, '2022-11-23 21:26:21', 2, 3),
(4101, 1045.2, '2022-11-23 21:26:21', 6, 3),
(4102, 1044.9, '2022-11-23 21:26:21', 5, 3),
(4103, 1045.7, '2022-11-23 21:26:21', 3, 3),
(4104, 1043.3, '2022-11-23 21:26:21', 4, 3),
(4105, 20.8, '2022-11-23 21:26:21', 2, 1),
(4106, 20.6, '2022-11-23 21:26:21', 1, 1),
(4107, 20.4, '2022-11-23 21:26:21', 3, 1),
(4108, 20.9, '2022-11-23 21:26:21', 4, 1),
(4109, 20.4, '2022-11-23 21:26:21', 5, 1),
(4110, 20.9, '2022-11-23 21:26:21', 6, 1),
(4111, 47.9, '2022-11-23 21:26:21', 2, 2),
(4112, 50.4, '2022-11-23 21:26:21', 3, 2),
(4113, 51.4, '2022-11-23 21:26:21', 1, 2),
(4114, 49.8, '2022-11-23 21:26:21', 4, 2),
(4115, 50.7, '2022-11-23 21:26:21', 6, 2),
(4116, 1042.9, '2022-11-23 21:26:21', 1, 3),
(4117, 49.5, '2022-11-23 21:26:21', 5, 2),
(4118, 1044.3, '2022-11-23 21:26:21', 2, 3),
(4119, 1043.3, '2022-11-23 21:26:21', 4, 3),
(4120, 1045.8, '2022-11-23 21:26:21', 3, 3),
(4121, 1045.3, '2022-11-23 21:26:21', 6, 3),
(4122, 1044.9, '2022-11-23 21:26:21', 5, 3),
(4123, 20.6, '2022-11-23 21:26:22', 1, 1),
(4124, 20.7, '2022-11-23 21:26:22', 2, 1),
(4125, 20.4, '2022-11-23 21:26:22', 3, 1),
(4126, 20.8, '2022-11-23 21:26:22', 4, 1),
(4127, 20.4, '2022-11-23 21:26:22', 5, 1),
(4128, 20.8, '2022-11-23 21:26:22', 6, 1),
(4129, 51.5, '2022-11-23 21:26:22', 1, 2),
(4130, 48, '2022-11-23 21:26:22', 2, 2),
(4131, 49.7, '2022-11-23 21:26:22', 4, 2),
(4132, 50.7, '2022-11-23 21:26:22', 6, 2),
(4133, 50.3, '2022-11-23 21:26:22', 3, 2),
(4134, 1045.8, '2022-11-23 21:26:22', 3, 3),
(4135, 1042.9, '2022-11-23 21:26:22', 1, 3),
(4136, 49.4, '2022-11-23 21:26:22', 5, 2),
(4137, 1044.2, '2022-11-23 21:26:22', 2, 3),
(4138, 1043.2, '2022-11-23 21:26:22', 4, 3),
(4139, 1045, '2022-11-23 21:26:22', 5, 3),
(4140, 1045.4, '2022-11-23 21:26:22', 6, 3),
(4141, 20.5, '2022-11-23 21:38:47', 1, 1),
(4142, 20.6, '2022-11-23 21:38:47', 2, 1),
(4143, 20.7, '2022-11-23 21:38:47', 4, 1),
(4144, 20.9, '2022-11-23 21:38:47', 6, 1),
(4145, 20.3, '2022-11-23 21:38:47', 5, 1),
(4146, 20.3, '2022-11-23 21:38:47', 3, 1),
(4147, 47.9, '2022-11-23 21:38:47', 2, 2),
(4148, 51.4, '2022-11-23 21:38:47', 1, 2),
(4149, 49.4, '2022-11-23 21:38:47', 5, 2),
(4150, 50.6, '2022-11-23 21:38:47', 6, 2),
(4151, 49.8, '2022-11-23 21:38:47', 4, 2),
(4152, 50.2, '2022-11-23 21:38:47', 3, 2),
(4153, 1042.9, '2022-11-23 21:38:47', 1, 3),
(4154, 1044.2, '2022-11-23 21:38:47', 2, 3),
(4155, 1045.8, '2022-11-23 21:38:47', 3, 3),
(4156, 1043.3, '2022-11-23 21:38:47', 4, 3),
(4157, 1045, '2022-11-23 21:38:47', 5, 3),
(4158, 1045.3, '2022-11-23 21:38:47', 6, 3),
(4159, 20.5, '2022-11-23 21:38:48', 2, 1),
(4160, 20.4, '2022-11-23 21:38:48', 3, 1),
(4161, 20.4, '2022-11-23 21:38:48', 1, 1),
(4162, 20.8, '2022-11-23 21:38:48', 4, 1),
(4163, 20.2, '2022-11-23 21:38:48', 5, 1),
(4164, 51.3, '2022-11-23 21:38:48', 1, 2),
(4165, 20.8, '2022-11-23 21:38:48', 6, 1),
(4166, 48, '2022-11-23 21:38:48', 2, 2),
(4167, 50.1, '2022-11-23 21:38:48', 3, 2),
(4168, 49.7, '2022-11-23 21:38:48', 4, 2),
(4169, 1043, '2022-11-23 21:38:48', 1, 3),
(4170, 49.5, '2022-11-23 21:38:48', 5, 2),
(4171, 50.6, '2022-11-23 21:38:48', 6, 2),
(4172, 1044.1, '2022-11-23 21:38:48', 2, 3),
(4173, 1045.7, '2022-11-23 21:38:48', 3, 3),
(4174, 1043.4, '2022-11-23 21:38:48', 4, 3),
(4175, 1045.2, '2022-11-23 21:38:48', 6, 3),
(4176, 1045.1, '2022-11-23 21:38:48', 5, 3),
(4177, 20.4, '2022-11-23 21:38:48', 1, 1),
(4178, 20.6, '2022-11-23 21:38:48', 2, 1),
(4179, 20.4, '2022-11-23 21:38:48', 3, 1),
(4180, 20.7, '2022-11-23 21:38:48', 4, 1),
(4181, 20.1, '2022-11-23 21:38:48', 5, 1),
(4182, 20.8, '2022-11-23 21:38:48', 6, 1),
(4183, 51.2, '2022-11-23 21:38:48', 1, 2),
(4184, 47.9, '2022-11-23 21:38:48', 2, 2),
(4185, 49.8, '2022-11-23 21:38:48', 4, 2),
(4186, 50, '2022-11-23 21:38:48', 3, 2),
(4187, 50.7, '2022-11-23 21:38:48', 6, 2),
(4188, 1044.2, '2022-11-23 21:38:48', 2, 3),
(4189, 49.6, '2022-11-23 21:38:48', 5, 2),
(4190, 1043, '2022-11-23 21:38:48', 1, 3),
(4191, 1043.4, '2022-11-23 21:38:48', 4, 3),
(4192, 1045.8, '2022-11-23 21:38:48', 3, 3),
(4193, 1045, '2022-11-23 21:38:48', 5, 3),
(4194, 1045.2, '2022-11-23 21:38:48', 6, 3),
(4195, 20.4, '2022-11-23 21:38:49', 1, 1),
(4196, 20.6, '2022-11-23 21:38:49', 2, 1),
(4197, 20.3, '2022-11-23 21:38:49', 3, 1),
(4198, 20.7, '2022-11-23 21:38:49', 4, 1),
(4199, 20.1, '2022-11-23 21:38:49', 5, 1),
(4200, 20.7, '2022-11-23 21:38:49', 6, 1),
(4201, 50, '2022-11-23 21:38:49', 3, 2),
(4202, 47.8, '2022-11-23 21:38:49', 2, 2),
(4203, 51.1, '2022-11-23 21:38:49', 1, 2),
(4204, 49.7, '2022-11-23 21:38:49', 5, 2),
(4205, 49.9, '2022-11-23 21:38:49', 4, 2),
(4206, 1044.3, '2022-11-23 21:38:49', 2, 3),
(4207, 1045.9, '2022-11-23 21:38:49', 3, 3),
(4208, 50.6, '2022-11-23 21:38:49', 6, 2),
(4209, 1043.5, '2022-11-23 21:38:49', 4, 3),
(4210, 1045, '2022-11-23 21:38:49', 5, 3),
(4211, 1045.1, '2022-11-23 21:38:49', 6, 3),
(4212, 1042.9, '2022-11-23 21:38:49', 1, 3),
(4213, 20.4, '2022-11-23 21:38:49', 1, 1),
(4214, 20.3, '2022-11-23 21:38:49', 3, 1),
(4215, 20.6, '2022-11-23 21:38:49', 2, 1),
(4216, 20.7, '2022-11-23 21:38:49', 4, 1),
(4217, 20.1, '2022-11-23 21:38:49', 5, 1),
(4218, 51.2, '2022-11-23 21:38:49', 1, 2),
(4219, 47.8, '2022-11-23 21:38:49', 2, 2),
(4220, 20.8, '2022-11-23 21:38:49', 6, 1),
(4221, 50, '2022-11-23 21:38:49', 3, 2),
(4222, 50.7, '2022-11-23 21:38:49', 6, 2),
(4223, 49.7, '2022-11-23 21:38:49', 5, 2),
(4224, 50, '2022-11-23 21:38:49', 4, 2),
(4225, 1044.3, '2022-11-23 21:38:50', 2, 3),
(4226, 1046, '2022-11-23 21:38:50', 3, 3),
(4227, 1043.5, '2022-11-23 21:38:50', 4, 3),
(4228, 1045, '2022-11-23 21:38:50', 5, 3),
(4229, 1045.2, '2022-11-23 21:38:50', 6, 3),
(4230, 1042.9, '2022-11-23 21:38:50', 1, 3),
(4231, 20.4, '2022-11-23 21:38:50', 1, 1),
(4232, 20.6, '2022-11-23 21:38:50', 2, 1),
(4233, 20.3, '2022-11-23 21:38:50', 3, 1),
(4234, 20, '2022-11-23 21:38:50', 5, 1),
(4235, 20.7, '2022-11-23 21:38:50', 6, 1),
(4236, 20.6, '2022-11-23 21:38:50', 4, 1),
(4237, 50.1, '2022-11-23 21:38:50', 3, 2),
(4238, 47.7, '2022-11-23 21:38:50', 2, 2),
(4239, 49.8, '2022-11-23 21:38:50', 5, 2),
(4240, 51.2, '2022-11-23 21:38:50', 1, 2),
(4241, 50.6, '2022-11-23 21:38:50', 6, 2),
(4242, 50.1, '2022-11-23 21:38:50', 4, 2),
(4243, 1042.9, '2022-11-23 21:38:50', 1, 3),
(4244, 1044.3, '2022-11-23 21:38:50', 2, 3),
(4245, 1046.1, '2022-11-23 21:38:50', 3, 3),
(4246, 1043.4, '2022-11-23 21:38:50', 4, 3),
(4247, 1045.1, '2022-11-23 21:38:50', 6, 3),
(4248, 1045, '2022-11-23 21:38:50', 5, 3),
(4249, 20.6, '2022-11-23 21:38:51', 2, 1),
(4250, 20.5, '2022-11-23 21:38:51', 1, 1),
(4251, 19.9, '2022-11-23 21:38:51', 5, 1),
(4252, 20.4, '2022-11-23 21:38:51', 3, 1),
(4253, 20.7, '2022-11-23 21:38:51', 4, 1),
(4254, 20.6, '2022-11-23 21:38:51', 6, 1),
(4255, 47.8, '2022-11-23 21:38:51', 2, 2),
(4256, 51.2, '2022-11-23 21:38:51', 1, 2),
(4257, 50, '2022-11-23 21:38:51', 4, 2),
(4258, 50.2, '2022-11-23 21:38:51', 3, 2),
(4259, 49.7, '2022-11-23 21:38:51', 5, 2),
(4260, 50.7, '2022-11-23 21:38:51', 6, 2),
(4261, 1044.3, '2022-11-23 21:38:51', 2, 3),
(4262, 1043, '2022-11-23 21:38:51', 1, 3),
(4263, 1046.1, '2022-11-23 21:38:51', 3, 3),
(4264, 1045, '2022-11-23 21:38:51', 5, 3),
(4265, 1045, '2022-11-23 21:38:51', 6, 3),
(4266, 1043.4, '2022-11-23 21:38:51', 4, 3),
(4267, 20.5, '2022-11-23 21:38:51', 1, 1),
(4268, 20.4, '2022-11-23 21:38:51', 3, 1),
(4269, 20.6, '2022-11-23 21:38:51', 2, 1),
(4270, 19.9, '2022-11-23 21:38:51', 5, 1),
(4271, 20.7, '2022-11-23 21:38:51', 6, 1),
(4272, 20.8, '2022-11-23 21:38:51', 4, 1),
(4273, 51.3, '2022-11-23 21:38:51', 1, 2),
(4274, 50.1, '2022-11-23 21:38:51', 3, 2),
(4275, 47.8, '2022-11-23 21:38:51', 2, 2),
(4276, 49.6, '2022-11-23 21:38:51', 5, 2),
(4277, 50, '2022-11-23 21:38:51', 4, 2),
(4278, 50.8, '2022-11-23 21:38:51', 6, 2),
(4279, 1044.2, '2022-11-23 21:38:51', 2, 3),
(4280, 1043.4, '2022-11-23 21:38:51', 4, 3),
(4281, 1042.9, '2022-11-23 21:38:51', 1, 3),
(4282, 1045.1, '2022-11-23 21:38:51', 5, 3),
(4283, 1046.2, '2022-11-23 21:38:51', 3, 3),
(4284, 1045, '2022-11-23 21:38:51', 6, 3),
(4285, 20.5, '2022-11-23 21:38:52', 1, 1),
(4286, 20.3, '2022-11-23 21:38:52', 3, 1),
(4287, 20.9, '2022-11-23 21:38:52', 4, 1),
(4288, 19.9, '2022-11-23 21:38:52', 5, 1),
(4289, 20.6, '2022-11-23 21:38:52', 6, 1),
(4290, 47.9, '2022-11-23 21:38:52', 2, 2),
(4291, 20.6, '2022-11-23 21:38:52', 2, 1),
(4292, 51.4, '2022-11-23 21:38:52', 1, 2),
(4293, 50, '2022-11-23 21:38:52', 3, 2),
(4294, 49.6, '2022-11-23 21:38:52', 5, 2),
(4295, 49.9, '2022-11-23 21:38:52', 4, 2),
(4296, 50.8, '2022-11-23 21:38:52', 6, 2),
(4297, 1044.2, '2022-11-23 21:38:52', 2, 3),
(4298, 1046.2, '2022-11-23 21:38:52', 3, 3),
(4299, 1042.8, '2022-11-23 21:38:52', 1, 3),
(4300, 1043.5, '2022-11-23 21:38:52', 4, 3),
(4301, 1045, '2022-11-23 21:38:52', 5, 3),
(4302, 1045.1, '2022-11-23 21:38:52', 6, 3),
(4303, 20.4, '2022-11-23 21:38:52', 1, 1),
(4304, 20.6, '2022-11-23 21:38:52', 2, 1),
(4305, 20.2, '2022-11-23 21:38:52', 3, 1),
(4306, 19.9, '2022-11-23 21:38:52', 5, 1),
(4307, 21, '2022-11-23 21:38:52', 4, 1),
(4308, 51.3, '2022-11-23 21:38:52', 1, 2),
(4309, 20.5, '2022-11-23 21:38:52', 6, 1),
(4310, 47.9, '2022-11-23 21:38:52', 2, 2),
(4311, 50.1, '2022-11-23 21:38:52', 3, 2),
(4312, 50.9, '2022-11-23 21:38:52', 6, 2),
(4313, 49.8, '2022-11-23 21:38:52', 4, 2),
(4314, 49.6, '2022-11-23 21:38:52', 5, 2),
(4315, 1042.8, '2022-11-23 21:38:52', 1, 3),
(4316, 1045.1, '2022-11-23 21:38:52', 5, 3),
(4317, 1046.1, '2022-11-23 21:38:52', 3, 3),
(4318, 1043.4, '2022-11-23 21:38:52', 4, 3),
(4319, 1044.1, '2022-11-23 21:38:52', 2, 3),
(4320, 1045, '2022-11-23 21:38:52', 6, 3),
(4321, 20.3, '2022-11-23 21:38:53', 1, 1),
(4322, 20.5, '2022-11-23 21:38:53', 2, 1),
(4323, 20.2, '2022-11-23 21:38:53', 3, 1),
(4324, 20, '2022-11-23 21:38:53', 5, 1),
(4325, 20.9, '2022-11-23 21:38:53', 4, 1),
(4326, 20.4, '2022-11-23 21:38:53', 6, 1),
(4327, 51.3, '2022-11-23 21:38:53', 1, 2),
(4328, 47.9, '2022-11-23 21:38:53', 2, 2),
(4329, 50.9, '2022-11-23 21:38:53', 6, 2),
(4330, 49.9, '2022-11-23 21:38:53', 4, 2),
(4331, 49.6, '2022-11-23 21:38:53', 5, 2),
(4332, 50.1, '2022-11-23 21:38:53', 3, 2),
(4333, 1042.8, '2022-11-23 21:38:53', 1, 3),
(4334, 1044, '2022-11-23 21:38:53', 2, 3),
(4335, 1043.4, '2022-11-23 21:38:53', 4, 3),
(4336, 1046.1, '2022-11-23 21:38:53', 3, 3),
(4337, 1045.1, '2022-11-23 21:38:53', 6, 3),
(4338, 1045.2, '2022-11-23 21:38:53', 5, 3),
(4339, 20.3, '2022-11-23 21:38:54', 1, 1),
(4340, 20.3, '2022-11-23 21:38:54', 3, 1),
(4341, 20.5, '2022-11-23 21:38:54', 2, 1),
(4342, 20.9, '2022-11-23 21:38:54', 4, 1),
(4343, 20, '2022-11-23 21:38:54', 5, 1),
(4344, 20.3, '2022-11-23 21:38:54', 6, 1),
(4345, 51.3, '2022-11-23 21:38:54', 1, 2),
(4346, 48, '2022-11-23 21:38:54', 2, 2),
(4347, 50.1, '2022-11-23 21:38:54', 3, 2),
(4348, 50, '2022-11-23 21:38:54', 4, 2),
(4349, 49.7, '2022-11-23 21:38:54', 5, 2),
(4350, 50.8, '2022-11-23 21:38:54', 6, 2),
(4351, 1042.8, '2022-11-23 21:38:54', 1, 3),
(4352, 1044.1, '2022-11-23 21:38:54', 2, 3),
(4353, 1046.1, '2022-11-23 21:38:54', 3, 3),
(4354, 1043.3, '2022-11-23 21:38:54', 4, 3),
(4355, 1045.1, '2022-11-23 21:38:54', 5, 3),
(4356, 1045, '2022-11-23 21:38:54', 6, 3),
(4357, 20.4, '2022-11-23 21:38:54', 1, 1),
(4358, 20.3, '2022-11-23 21:38:54', 3, 1),
(4359, 20, '2022-11-23 21:38:54', 5, 1),
(4360, 20.8, '2022-11-23 21:38:54', 4, 1),
(4361, 20.5, '2022-11-23 21:38:54', 2, 1),
(4362, 20.2, '2022-11-23 21:38:54', 6, 1),
(4363, 47.9, '2022-11-23 21:38:54', 2, 2),
(4364, 51.4, '2022-11-23 21:38:54', 1, 2),
(4365, 50, '2022-11-23 21:38:54', 3, 2),
(4366, 49.7, '2022-11-23 21:38:54', 5, 2),
(4367, 50.9, '2022-11-23 21:38:54', 6, 2),
(4368, 1042.7, '2022-11-23 21:38:54', 1, 3),
(4369, 50, '2022-11-23 21:38:54', 4, 2),
(4370, 1044.2, '2022-11-23 21:38:54', 2, 3),
(4371, 1046.1, '2022-11-23 21:38:54', 3, 3),
(4372, 1045.1, '2022-11-23 21:38:54', 6, 3),
(4373, 1045.2, '2022-11-23 21:38:54', 5, 3),
(4374, 1043.2, '2022-11-23 21:38:54', 4, 3),
(4375, 20.4, '2022-11-23 21:38:55', 1, 1),
(4376, 20.2, '2022-11-23 21:38:55', 3, 1),
(4377, 20.9, '2022-11-23 21:38:55', 4, 1),
(4378, 20.5, '2022-11-23 21:38:55', 2, 1),
(4379, 20.1, '2022-11-23 21:38:55', 6, 1),
(4380, 20, '2022-11-23 21:38:55', 5, 1),
(4381, 48, '2022-11-23 21:38:55', 2, 2),
(4382, 51.3, '2022-11-23 21:38:55', 1, 2),
(4383, 50, '2022-11-23 21:38:55', 3, 2),
(4384, 49.6, '2022-11-23 21:38:55', 5, 2),
(4385, 50.1, '2022-11-23 21:38:55', 4, 2),
(4386, 1042.6, '2022-11-23 21:38:55', 1, 3),
(4387, 50.9, '2022-11-23 21:38:55', 6, 2),
(4388, 1044.2, '2022-11-23 21:38:55', 2, 3),
(4389, 1043.3, '2022-11-23 21:38:55', 4, 3),
(4390, 1046, '2022-11-23 21:38:55', 3, 3),
(4391, 1045.1, '2022-11-23 21:38:55', 6, 3),
(4392, 1045.2, '2022-11-23 21:38:55', 5, 3),
(4393, 20.4, '2022-11-23 21:38:56', 1, 1),
(4394, 20.5, '2022-11-23 21:38:56', 2, 1),
(4395, 20, '2022-11-23 21:38:56', 6, 1),
(4396, 20.2, '2022-11-23 21:38:56', 3, 1),
(4397, 20, '2022-11-23 21:38:56', 5, 1),
(4398, 20.8, '2022-11-23 21:38:56', 4, 1),
(4399, 51.4, '2022-11-23 21:38:56', 1, 2),
(4400, 49.9, '2022-11-23 21:38:56', 3, 2),
(4401, 49.5, '2022-11-23 21:38:56', 5, 2),
(4402, 48, '2022-11-23 21:38:56', 2, 2),
(4403, 50.8, '2022-11-23 21:38:56', 6, 2),
(4404, 1042.6, '2022-11-23 21:38:56', 1, 3),
(4405, 50.1, '2022-11-23 21:38:56', 4, 2),
(4406, 1044.1, '2022-11-23 21:38:56', 2, 3),
(4407, 1045.9, '2022-11-23 21:38:56', 3, 3),
(4408, 1043.3, '2022-11-23 21:38:56', 4, 3),
(4409, 1045.1, '2022-11-23 21:38:56', 5, 3),
(4410, 1045.1, '2022-11-23 21:38:56', 6, 3),
(4411, 20.2, '2022-11-23 21:38:56', 3, 1),
(4412, 20.4, '2022-11-23 21:38:56', 2, 1),
(4413, 20.3, '2022-11-23 21:38:56', 1, 1),
(4414, 20.9, '2022-11-23 21:38:56', 4, 1),
(4415, 19.9, '2022-11-23 21:38:56', 6, 1),
(4416, 20.1, '2022-11-23 21:38:56', 5, 1),
(4417, 51.3, '2022-11-23 21:38:56', 1, 2),
(4418, 50, '2022-11-23 21:38:56', 3, 2),
(4419, 50, '2022-11-23 21:38:56', 4, 2),
(4420, 48, '2022-11-23 21:38:56', 2, 2),
(4421, 50.9, '2022-11-23 21:38:56', 6, 2),
(4422, 1042.5, '2022-11-23 21:38:56', 1, 3),
(4423, 1044.2, '2022-11-23 21:38:56', 2, 3),
(4424, 1045.9, '2022-11-23 21:38:56', 3, 3),
(4425, 1043.3, '2022-11-23 21:38:56', 4, 3),
(4426, 1045.1, '2022-11-23 21:38:56', 6, 3),
(4427, 1045, '2022-11-23 21:38:56', 5, 3),
(4428, 49.5, '2022-11-23 21:38:56', 5, 2),
(4429, 20.1, '2022-11-23 21:38:57', 3, 1),
(4430, 20.2, '2022-11-23 21:38:57', 1, 1),
(4431, 20.8, '2022-11-23 21:38:57', 4, 1),
(4432, 20.5, '2022-11-23 21:38:57', 2, 1),
(4433, 20, '2022-11-23 21:38:57', 6, 1),
(4434, 51.3, '2022-11-23 21:38:57', 1, 2),
(4435, 20.1, '2022-11-23 21:38:57', 5, 1),
(4436, 49.5, '2022-11-23 21:38:57', 5, 2),
(4437, 49.9, '2022-11-23 21:38:57', 4, 2),
(4438, 50, '2022-11-23 21:38:57', 3, 2),
(4439, 48.1, '2022-11-23 21:38:57', 2, 2),
(4440, 1042.6, '2022-11-23 21:38:57', 1, 3),
(4441, 51, '2022-11-23 21:38:57', 6, 2),
(4442, 1044.1, '2022-11-23 21:38:57', 2, 3),
(4443, 1045.1, '2022-11-23 21:38:57', 5, 3),
(4444, 1045.8, '2022-11-23 21:38:57', 3, 3),
(4445, 1043.3, '2022-11-23 21:38:57', 4, 3),
(4446, 1045.1, '2022-11-23 21:38:57', 6, 3),
(4447, 20.1, '2022-11-23 21:38:58', 1, 1),
(4448, 20.4, '2022-11-23 21:38:58', 2, 1),
(4449, 20, '2022-11-23 21:38:58', 5, 1),
(4450, 20, '2022-11-23 21:38:58', 3, 1),
(4451, 20.7, '2022-11-23 21:38:58', 4, 1),
(4452, 51.2, '2022-11-23 21:38:58', 1, 2),
(4453, 49.9, '2022-11-23 21:38:58', 4, 2),
(4454, 48.2, '2022-11-23 21:38:58', 2, 2),
(4455, 19.9, '2022-11-23 21:38:58', 6, 1),
(4456, 49.9, '2022-11-23 21:38:58', 3, 2),
(4457, 49.5, '2022-11-23 21:38:58', 5, 2),
(4458, 1044, '2022-11-23 21:38:58', 2, 3),
(4459, 1042.7, '2022-11-23 21:38:58', 1, 3),
(4460, 50.9, '2022-11-23 21:38:58', 6, 2),
(4461, 1045.9, '2022-11-23 21:38:58', 3, 3),
(4462, 1043.3, '2022-11-23 21:38:58', 4, 3),
(4463, 1045.2, '2022-11-23 21:38:58', 5, 3),
(4464, 1045.2, '2022-11-23 21:38:58', 6, 3),
(4465, 20.1, '2022-11-23 21:38:58', 1, 1),
(4466, 20.8, '2022-11-23 21:38:58', 4, 1),
(4467, 20, '2022-11-23 21:38:58', 5, 1),
(4468, 20.3, '2022-11-23 21:38:58', 2, 1),
(4469, 20, '2022-11-23 21:38:58', 3, 1),
(4470, 19.9, '2022-11-23 21:38:58', 6, 1),
(4471, 51.3, '2022-11-23 21:38:58', 1, 2),
(4472, 48.2, '2022-11-23 21:38:58', 2, 2),
(4473, 49.9, '2022-11-23 21:38:58', 3, 2),
(4474, 50, '2022-11-23 21:38:58', 4, 2),
(4475, 49.5, '2022-11-23 21:38:58', 5, 2),
(4476, 51, '2022-11-23 21:38:58', 6, 2),
(4477, 1042.7, '2022-11-23 21:38:58', 1, 3),
(4478, 1044.1, '2022-11-23 21:38:58', 2, 3),
(4479, 1046, '2022-11-23 21:38:58', 3, 3),
(4480, 1045.2, '2022-11-23 21:38:58', 5, 3),
(4481, 1043.3, '2022-11-23 21:38:58', 4, 3),
(4482, 1045.1, '2022-11-23 21:38:58', 6, 3),
(4483, 20, '2022-11-23 21:38:59', 1, 1),
(4484, 20.3, '2022-11-23 21:38:59', 2, 1),
(4485, 20.1, '2022-11-23 21:38:59', 3, 1),
(4486, 20.9, '2022-11-23 21:38:59', 4, 1),
(4487, 20.1, '2022-11-23 21:38:59', 5, 1),
(4488, 51.2, '2022-11-23 21:38:59', 1, 2),
(4489, 48.1, '2022-11-23 21:38:59', 2, 2),
(4490, 50, '2022-11-23 21:38:59', 3, 2),
(4491, 49.4, '2022-11-23 21:38:59', 5, 2),
(4492, 19.9, '2022-11-23 21:38:59', 6, 1),
(4493, 49.9, '2022-11-23 21:38:59', 4, 2),
(4494, 1044.1, '2022-11-23 21:38:59', 2, 3),
(4495, 51.1, '2022-11-23 21:38:59', 6, 2),
(4496, 1042.7, '2022-11-23 21:38:59', 1, 3),
(4497, 1045.9, '2022-11-23 21:38:59', 3, 3),
(4498, 1045.3, '2022-11-23 21:38:59', 5, 3),
(4499, 1045, '2022-11-23 21:38:59', 6, 3),
(4500, 1043.2, '2022-11-23 21:38:59', 4, 3),
(4501, 19.9, '2022-11-23 21:39:00', 1, 1),
(4502, 20, '2022-11-23 21:39:00', 3, 1),
(4503, 21, '2022-11-23 21:39:00', 4, 1),
(4504, 20.1, '2022-11-23 21:39:00', 5, 1),
(4505, 19.8, '2022-11-23 21:39:00', 6, 1),
(4506, 20.3, '2022-11-23 21:39:00', 2, 1),
(4507, 51.1, '2022-11-23 21:39:00', 1, 2),
(4508, 48.2, '2022-11-23 21:39:00', 2, 2),
(4509, 50, '2022-11-23 21:39:00', 3, 2),
(4510, 49.8, '2022-11-23 21:39:00', 4, 2),
(4511, 49.5, '2022-11-23 21:39:00', 5, 2),
(4512, 51.1, '2022-11-23 21:39:00', 6, 2),
(4513, 1042.8, '2022-11-23 21:39:00', 1, 3),
(4514, 1043.3, '2022-11-23 21:39:00', 4, 3),
(4515, 1046, '2022-11-23 21:39:00', 3, 3),
(4516, 1045.4, '2022-11-23 21:39:00', 5, 3),
(4517, 1044.1, '2022-11-23 21:39:00', 2, 3),
(4518, 1045.1, '2022-11-23 21:39:00', 6, 3),
(4519, 19.9, '2022-11-23 21:39:00', 1, 1),
(4520, 20.2, '2022-11-23 21:39:00', 2, 1),
(4521, 20.1, '2022-11-23 21:39:00', 5, 1),
(4522, 20.9, '2022-11-23 21:39:00', 4, 1),
(4523, 20, '2022-11-23 21:39:00', 3, 1),
(4524, 19.8, '2022-11-23 21:39:00', 6, 1),
(4525, 51, '2022-11-23 21:39:00', 1, 2),
(4526, 50.1, '2022-11-23 21:39:00', 3, 2),
(4527, 49.7, '2022-11-23 21:39:00', 4, 2),
(4528, 49.4, '2022-11-23 21:39:00', 5, 2),
(4529, 48.2, '2022-11-23 21:39:00', 2, 2),
(4530, 1042.7, '2022-11-23 21:39:00', 1, 3),
(4531, 1044.1, '2022-11-23 21:39:00', 2, 3),
(4532, 1045.9, '2022-11-23 21:39:00', 3, 3),
(4533, 1045.1, '2022-11-23 21:39:00', 6, 3),
(4534, 1043.2, '2022-11-23 21:39:00', 4, 3),
(4535, 51.1, '2022-11-23 21:39:00', 6, 2),
(4536, 1045.3, '2022-11-23 21:39:00', 5, 3),
(4537, 19.9, '2022-11-23 21:39:01', 1, 1),
(4538, 20.1, '2022-11-23 21:39:01', 3, 1),
(4539, 20.3, '2022-11-23 21:39:01', 2, 1),
(4540, 20.8, '2022-11-23 21:39:01', 4, 1),
(4541, 19.9, '2022-11-23 21:39:01', 6, 1),
(4542, 20, '2022-11-23 21:39:01', 5, 1),
(4543, 48.2, '2022-11-23 21:39:01', 2, 2),
(4544, 51.1, '2022-11-23 21:39:01', 1, 2),
(4545, 49.8, '2022-11-23 21:39:01', 4, 2),
(4546, 51.2, '2022-11-23 21:39:01', 6, 2),
(4547, 49.5, '2022-11-23 21:39:01', 5, 2),
(4548, 1042.6, '2022-11-23 21:39:01', 1, 3),
(4549, 50.2, '2022-11-23 21:39:01', 3, 2),
(4550, 1045.8, '2022-11-23 21:39:01', 3, 3),
(4551, 1044, '2022-11-23 21:39:01', 2, 3),
(4552, 1045.3, '2022-11-23 21:39:01', 5, 3),
(4553, 1045.2, '2022-11-23 21:39:01', 6, 3),
(4554, 1043.2, '2022-11-23 21:39:01', 4, 3),
(4555, 20, '2022-11-23 21:39:02', 1, 1),
(4556, 20.3, '2022-11-23 21:39:02', 2, 1),
(4557, 20.7, '2022-11-23 21:39:02', 4, 1),
(4558, 20.1, '2022-11-23 21:39:02', 3, 1),
(4559, 19.9, '2022-11-23 21:39:02', 5, 1),
(4560, 51.2, '2022-11-23 21:39:02', 1, 2),
(4561, 19.8, '2022-11-23 21:39:02', 6, 1),
(4562, 49.9, '2022-11-23 21:39:02', 4, 2),
(4563, 50.3, '2022-11-23 21:39:02', 3, 2),
(4564, 48.3, '2022-11-23 21:39:02', 2, 2),
(4565, 51.2, '2022-11-23 21:39:02', 6, 2),
(4566, 1042.6, '2022-11-23 21:39:02', 1, 3),
(4567, 49.5, '2022-11-23 21:39:02', 5, 2),
(4568, 1044, '2022-11-23 21:39:02', 2, 3),
(4569, 1045.7, '2022-11-23 21:39:02', 3, 3),
(4570, 1043.2, '2022-11-23 21:39:02', 4, 3),
(4571, 1045.4, '2022-11-23 21:39:02', 5, 3),
(4572, 1045.2, '2022-11-23 21:39:02', 6, 3),
(4573, 20.3, '2022-11-23 21:39:02', 2, 1),
(4574, 20, '2022-11-23 21:39:02', 1, 1),
(4575, 20, '2022-11-23 21:39:02', 3, 1),
(4576, 51.1, '2022-11-23 21:39:02', 1, 2),
(4577, 19.8, '2022-11-23 21:39:02', 5, 1),
(4578, 20.7, '2022-11-23 21:39:02', 4, 1),
(4579, 19.7, '2022-11-23 21:39:02', 6, 1),
(4580, 51.3, '2022-11-23 21:39:02', 6, 2),
(4581, 49.6, '2022-11-23 21:39:02', 5, 2),
(4582, 50.4, '2022-11-23 21:39:02', 3, 2),
(4583, 49.8, '2022-11-23 21:39:02', 4, 2),
(4584, 48.3, '2022-11-23 21:39:02', 2, 2),
(4585, 1044, '2022-11-23 21:39:02', 2, 3),
(4586, 1043.2, '2022-11-23 21:39:02', 4, 3),
(4587, 1045.5, '2022-11-23 21:39:02', 5, 3),
(4588, 1045.2, '2022-11-23 21:39:02', 6, 3),
(4589, 1042.5, '2022-11-23 21:39:02', 1, 3),
(4590, 1045.7, '2022-11-23 21:39:02', 3, 3),
(4591, 20.1, '2022-11-23 21:39:03', 3, 1),
(4592, 19.9, '2022-11-23 21:39:03', 1, 1),
(4593, 20.4, '2022-11-23 21:39:03', 2, 1),
(4594, 20.6, '2022-11-23 21:39:03', 4, 1),
(4595, 19.6, '2022-11-23 21:39:03', 6, 1),
(4596, 19.8, '2022-11-23 21:39:03', 5, 1),
(4597, 51.1, '2022-11-23 21:39:03', 1, 2),
(4598, 50.3, '2022-11-23 21:39:03', 3, 2),
(4599, 48.2, '2022-11-23 21:39:03', 2, 2),
(4600, 51.4, '2022-11-23 21:39:03', 6, 2),
(4601, 49.9, '2022-11-23 21:39:03', 4, 2),
(4602, 49.7, '2022-11-23 21:39:03', 5, 2),
(4603, 1042.4, '2022-11-23 21:39:03', 1, 3),
(4604, 1044.1, '2022-11-23 21:39:03', 2, 3),
(4605, 1045.8, '2022-11-23 21:39:03', 3, 3),
(4606, 1043.2, '2022-11-23 21:39:03', 4, 3),
(4607, 1045.2, '2022-11-23 21:39:03', 6, 3),
(4608, 1045.5, '2022-11-23 21:39:03', 5, 3),
(4609, 19.8, '2022-11-23 22:22:43', 1, 1),
(4610, 20, '2022-11-23 22:22:43', 3, 1),
(4611, 20.4, '2022-11-23 22:22:43', 2, 1),
(4612, 19.7, '2022-11-23 22:22:43', 6, 1),
(4613, 20.7, '2022-11-23 22:22:43', 4, 1),
(4614, 19.9, '2022-11-23 22:22:43', 5, 1),
(4615, 51.2, '2022-11-23 22:22:43', 1, 2),
(4616, 50.2, '2022-11-23 22:22:43', 3, 2),
(4617, 48.1, '2022-11-23 22:22:43', 2, 2),
(4618, 51.5, '2022-11-23 22:22:43', 6, 2),
(4619, 50, '2022-11-23 22:22:43', 4, 2),
(4620, 49.8, '2022-11-23 22:22:43', 5, 2),
(4621, 1042.4, '2022-11-23 22:22:43', 1, 3),
(4622, 1045.7, '2022-11-23 22:22:43', 3, 3),
(4623, 1045.4, '2022-11-23 22:22:43', 5, 3),
(4624, 1044.2, '2022-11-23 22:22:43', 2, 3),
(4625, 1043.2, '2022-11-23 22:22:43', 4, 3),
(4626, 1045.3, '2022-11-23 22:22:43', 6, 3),
(4627, 19.8, '2022-11-23 22:22:43', 1, 1),
(4628, 20.4, '2022-11-23 22:22:43', 2, 1),
(4629, 19.9, '2022-11-23 22:22:43', 3, 1),
(4630, 19.8, '2022-11-23 22:22:44', 5, 1),
(4631, 20.8, '2022-11-23 22:22:44', 4, 1),
(4632, 19.8, '2022-11-23 22:22:44', 6, 1),
(4633, 51.3, '2022-11-23 22:22:44', 1, 2),
(4634, 48.2, '2022-11-23 22:22:44', 2, 2),
(4635, 49.9, '2022-11-23 22:22:44', 5, 2),
(4636, 50.1, '2022-11-23 22:22:44', 3, 2),
(4637, 50, '2022-11-23 22:22:44', 4, 2),
(4638, 51.5, '2022-11-23 22:22:44', 6, 2),
(4639, 1042.4, '2022-11-23 22:22:44', 1, 3),
(4640, 1044.2, '2022-11-23 22:22:44', 2, 3),
(4641, 1043.2, '2022-11-23 22:22:44', 4, 3),
(4642, 1045.7, '2022-11-23 22:22:44', 3, 3),
(4643, 1045.4, '2022-11-23 22:22:44', 5, 3),
(4644, 1045.3, '2022-11-23 22:22:44', 6, 3),
(4645, 20.3, '2022-11-23 22:22:46', 2, 1),
(4646, 19.9, '2022-11-23 22:22:46', 1, 1),
(4647, 19.9, '2022-11-23 22:22:46', 5, 1),
(4648, 20.9, '2022-11-23 22:22:46', 4, 1),
(4649, 19.8, '2022-11-23 22:22:46', 3, 1),
(4650, 51.3, '2022-11-23 22:22:46', 1, 2),
(4651, 48.2, '2022-11-23 22:22:46', 2, 2),
(4652, 50, '2022-11-23 22:22:46', 3, 2),
(4653, 19.8, '2022-11-23 22:22:46', 6, 1),
(4654, 50, '2022-11-23 22:22:46', 4, 2),
(4655, 50, '2022-11-23 22:22:46', 5, 2),
(4656, 1042.4, '2022-11-23 22:22:46', 1, 3),
(4657, 51.4, '2022-11-23 22:22:46', 6, 2),
(4658, 1043.1, '2022-11-23 22:22:46', 4, 3),
(4659, 1044.2, '2022-11-23 22:22:46', 2, 3),
(4660, 1045.7, '2022-11-23 22:22:46', 3, 3),
(4661, 1045.2, '2022-11-23 22:22:46', 6, 3),
(4662, 1045.4, '2022-11-23 22:22:46', 5, 3),
(4663, 19.8, '2022-11-23 22:22:46', 1, 1),
(4664, 20.2, '2022-11-23 22:22:46', 2, 1),
(4665, 19.8, '2022-11-23 22:22:46', 3, 1),
(4666, 19.9, '2022-11-23 22:22:46', 6, 1),
(4667, 20.8, '2022-11-23 22:22:46', 4, 1),
(4668, 19.8, '2022-11-23 22:22:46', 5, 1),
(4669, 51.4, '2022-11-23 22:22:46', 1, 2),
(4670, 48.2, '2022-11-23 22:22:46', 2, 2),
(4671, 50, '2022-11-23 22:22:46', 3, 2),
(4672, 51.3, '2022-11-23 22:22:46', 6, 2),
(4673, 49.9, '2022-11-23 22:22:46', 5, 2),
(4674, 49.9, '2022-11-23 22:22:46', 4, 2),
(4675, 1044.3, '2022-11-23 22:22:46', 2, 3),
(4676, 1045.7, '2022-11-23 22:22:46', 3, 3),
(4677, 1043.2, '2022-11-23 22:22:46', 4, 3),
(4678, 1045.5, '2022-11-23 22:22:46', 5, 3),
(4679, 1045.3, '2022-11-23 22:22:46', 6, 3),
(4680, 1042.4, '2022-11-23 22:22:46', 1, 3),
(4681, 19.8, '2022-11-23 22:22:47', 3, 1),
(4682, 19.7, '2022-11-23 22:22:47', 1, 1),
(4683, 20.8, '2022-11-23 22:22:47', 4, 1),
(4684, 19.8, '2022-11-23 22:22:47', 5, 1),
(4685, 20, '2022-11-23 22:22:47', 6, 1),
(4686, 51.4, '2022-11-23 22:22:47', 1, 2),
(4687, 20.1, '2022-11-23 22:22:47', 2, 1),
(4688, 48.3, '2022-11-23 22:22:47', 2, 2),
(4689, 50, '2022-11-23 22:22:47', 3, 2),
(4690, 49.9, '2022-11-23 22:22:47', 4, 2),
(4691, 51.4, '2022-11-23 22:22:47', 6, 2),
(4692, 50, '2022-11-23 22:22:47', 5, 2),
(4693, 1042.4, '2022-11-23 22:22:47', 1, 3),
(4694, 1044.4, '2022-11-23 22:22:47', 2, 3),
(4695, 1045.8, '2022-11-23 22:22:47', 3, 3),
(4696, 1043.3, '2022-11-23 22:22:47', 4, 3),
(4697, 1045.4, '2022-11-23 22:22:47', 5, 3),
(4698, 1045.4, '2022-11-23 22:22:47', 6, 3),
(4699, 19.9, '2022-11-23 22:22:48', 3, 1),
(4700, 20, '2022-11-23 22:22:48', 2, 1),
(4701, 19.7, '2022-11-23 22:22:48', 1, 1),
(4702, 19.8, '2022-11-23 22:22:48', 5, 1),
(4703, 20.8, '2022-11-23 22:22:48', 4, 1),
(4704, 19.9, '2022-11-23 22:22:48', 6, 1),
(4705, 51.3, '2022-11-23 22:22:48', 1, 2),
(4706, 48.2, '2022-11-23 22:22:48', 2, 2),
(4707, 49.9, '2022-11-23 22:22:48', 3, 2),
(4708, 49.9, '2022-11-23 22:22:48', 4, 2),
(4709, 51.5, '2022-11-23 22:22:48', 6, 2),
(4710, 1042.4, '2022-11-23 22:22:48', 1, 3),
(4711, 50.1, '2022-11-23 22:22:48', 5, 2),
(4712, 1044.4, '2022-11-23 22:22:48', 2, 3),
(4713, 1045.8, '2022-11-23 22:22:48', 3, 3),
(4714, 1043.3, '2022-11-23 22:22:48', 4, 3),
(4715, 1045.3, '2022-11-23 22:22:48', 5, 3),
(4716, 1045.5, '2022-11-23 22:22:48', 6, 3),
(4717, 20, '2022-11-23 22:22:48', 3, 1),
(4718, 19.6, '2022-11-23 22:22:48', 1, 1),
(4719, 20.1, '2022-11-23 22:22:48', 2, 1),
(4720, 19.9, '2022-11-23 22:22:48', 5, 1),
(4721, 19.8, '2022-11-23 22:22:48', 6, 1),
(4722, 48.1, '2022-11-23 22:22:48', 2, 2),
(4723, 20.9, '2022-11-23 22:22:48', 4, 1),
(4724, 49.8, '2022-11-23 22:22:48', 4, 2),
(4725, 51.2, '2022-11-23 22:22:48', 1, 2),
(4726, 50.2, '2022-11-23 22:22:48', 5, 2),
(4727, 51.6, '2022-11-23 22:22:48', 6, 2),
(4728, 1044.4, '2022-11-23 22:22:48', 2, 3),
(4729, 1042.4, '2022-11-23 22:22:48', 1, 3),
(4730, 1043.4, '2022-11-23 22:22:48', 4, 3),
(4731, 1045.4, '2022-11-23 22:22:48', 5, 3),
(4732, 50, '2022-11-23 22:22:48', 3, 2),
(4733, 1045.5, '2022-11-23 22:22:48', 6, 3),
(4734, 1045.8, '2022-11-23 22:22:48', 3, 3),
(4735, 19.7, '2022-11-23 22:22:49', 1, 1),
(4736, 20, '2022-11-23 22:22:49', 2, 1),
(4737, 19.9, '2022-11-23 22:22:49', 3, 1),
(4738, 19.8, '2022-11-23 22:22:49', 5, 1),
(4739, 20.8, '2022-11-23 22:22:49', 4, 1),
(4740, 48.2, '2022-11-23 22:22:49', 2, 2),
(4741, 51.2, '2022-11-23 22:22:49', 1, 2),
(4742, 50.1, '2022-11-23 22:22:49', 3, 2),
(4743, 49.7, '2022-11-23 22:22:49', 4, 2),
(4744, 50.1, '2022-11-23 22:22:49', 5, 2),
(4745, 51.7, '2022-11-23 22:22:49', 6, 2),
(4746, 1044.5, '2022-11-23 22:22:49', 2, 3),
(4747, 1043.4, '2022-11-23 22:22:49', 4, 3),
(4748, 19.7, '2022-11-23 22:22:49', 6, 1),
(4749, 1045.4, '2022-11-23 22:22:49', 5, 3),
(4750, 1042.3, '2022-11-23 22:22:49', 1, 3),
(4751, 1045.4, '2022-11-23 22:22:49', 6, 3),
(4752, 1045.9, '2022-11-23 22:22:49', 3, 3),
(4753, 19.6, '2022-11-23 22:22:49', 1, 1),
(4754, 19.9, '2022-11-23 22:22:49', 2, 1),
(4755, 19.9, '2022-11-23 22:22:49', 3, 1),
(4756, 20.8, '2022-11-23 22:22:49', 4, 1),
(4757, 19.7, '2022-11-23 22:22:49', 6, 1),
(4758, 51.1, '2022-11-23 22:22:49', 1, 2),
(4759, 19.8, '2022-11-23 22:22:49', 5, 1),
(4760, 50.1, '2022-11-23 22:22:49', 3, 2),
(4761, 49.6, '2022-11-23 22:22:49', 4, 2),
(4762, 51.7, '2022-11-23 22:22:49', 6, 2),
(4763, 48.3, '2022-11-23 22:22:49', 2, 2),
(4764, 50.1, '2022-11-23 22:22:49', 5, 2),
(4765, 1044.4, '2022-11-23 22:22:49', 2, 3),
(4766, 1042.2, '2022-11-23 22:22:49', 1, 3),
(4767, 1046, '2022-11-23 22:22:49', 3, 3),
(4768, 1045.5, '2022-11-23 22:22:49', 5, 3),
(4769, 1043.3, '2022-11-23 22:22:49', 4, 3),
(4770, 1045.5, '2022-11-23 22:22:49', 6, 3),
(4771, 19.5, '2022-11-23 22:22:50', 1, 1),
(4772, 19.8, '2022-11-23 22:22:50', 2, 1),
(4773, 20.9, '2022-11-23 22:22:50', 4, 1),
(4774, 19.9, '2022-11-23 22:22:50', 3, 1),
(4775, 19.7, '2022-11-23 22:22:50', 5, 1),
(4776, 19.6, '2022-11-23 22:22:50', 6, 1),
(4777, 51, '2022-11-23 22:22:50', 1, 2),
(4778, 49.6, '2022-11-23 22:22:50', 4, 2),
(4779, 48.3, '2022-11-23 22:22:50', 2, 2),
(4780, 50, '2022-11-23 22:22:50', 3, 2),
(4781, 50.2, '2022-11-23 22:22:50', 5, 2),
(4782, 51.8, '2022-11-23 22:22:50', 6, 2),
(4783, 1042.3, '2022-11-23 22:22:50', 1, 3),
(4784, 1046.1, '2022-11-23 22:22:50', 3, 3),
(4785, 1044.4, '2022-11-23 22:22:50', 2, 3),
(4786, 1043.3, '2022-11-23 22:22:50', 4, 3),
(4787, 1045.6, '2022-11-23 22:22:50', 6, 3),
(4788, 1045.5, '2022-11-23 22:22:50', 5, 3),
(4789, 19.9, '2022-11-23 22:22:50', 3, 1),
(4790, 19.9, '2022-11-23 22:22:50', 2, 1),
(4791, 19.6, '2022-11-23 22:22:50', 1, 1),
(4792, 19.5, '2022-11-23 22:22:50', 6, 1),
(4793, 19.8, '2022-11-23 22:22:50', 5, 1),
(4794, 21, '2022-11-23 22:22:50', 4, 1),
(4795, 51.1, '2022-11-23 22:22:50', 1, 2),
(4796, 48.3, '2022-11-23 22:22:50', 2, 2),
(4797, 50.2, '2022-11-23 22:22:50', 5, 2),
(4798, 50, '2022-11-23 22:22:50', 3, 2),
(4799, 49.6, '2022-11-23 22:22:50', 4, 2),
(4800, 51.7, '2022-11-23 22:22:50', 6, 2),
(4801, 1042.2, '2022-11-23 22:22:50', 1, 3),
(4802, 1046.2, '2022-11-23 22:22:50', 3, 3),
(4803, 1044.3, '2022-11-23 22:22:50', 2, 3),
(4804, 1045.6, '2022-11-23 22:22:50', 6, 3),
(4805, 1045.4, '2022-11-23 22:22:50', 5, 3),
(4806, 1043.2, '2022-11-23 22:22:50', 4, 3),
(4807, 19.5, '2022-11-24 12:47:12', 1, 1),
(4808, 19.8, '2022-11-24 12:47:12', 2, 1),
(4809, 19.8, '2022-11-24 12:47:12', 3, 1),
(4810, 19.6, '2022-11-24 12:47:12', 6, 1),
(4811, 21, '2022-11-24 12:47:12', 4, 1),
(4812, 19.8, '2022-11-24 12:47:13', 5, 1),
(4813, 51.2, '2022-11-24 12:47:13', 1, 2),
(4814, 50, '2022-11-24 12:47:13', 3, 2),
(4815, 50.3, '2022-11-24 12:47:13', 5, 2),
(4816, 48.3, '2022-11-24 12:47:13', 2, 2),
(4817, 49.6, '2022-11-24 12:47:13', 4, 2),
(4818, 51.8, '2022-11-24 12:47:13', 6, 2),
(4819, 1042.3, '2022-11-24 12:47:13', 1, 3),
(4820, 1044.4, '2022-11-24 12:47:13', 2, 3),
(4821, 1043.1, '2022-11-24 12:47:13', 4, 3),
(4822, 1046.1, '2022-11-24 12:47:13', 3, 3),
(4823, 1045.3, '2022-11-24 12:47:13', 5, 3),
(4824, 1045.6, '2022-11-24 12:47:13', 6, 3),
(4825, 19.5, '2022-11-24 12:47:21', 1, 1),
(4826, 19.7, '2022-11-24 12:47:21', 2, 1),
(4827, 19.9, '2022-11-24 12:47:21', 3, 1),
(4828, 21.1, '2022-11-24 12:47:21', 4, 1),
(4829, 19.9, '2022-11-24 12:47:21', 5, 1),
(4830, 19.7, '2022-11-24 12:47:21', 6, 1),
(4831, 51.1, '2022-11-24 12:47:21', 1, 2),
(4832, 48.3, '2022-11-24 12:47:21', 2, 2),
(4833, 50, '2022-11-24 12:47:21', 3, 2),
(4834, 49.5, '2022-11-24 12:47:21', 4, 2),
(4835, 50.4, '2022-11-24 12:47:21', 5, 2),
(4836, 51.8, '2022-11-24 12:47:21', 6, 2),
(4837, 1042.4, '2022-11-24 12:47:21', 1, 3),
(4838, 1044.4, '2022-11-24 12:47:21', 2, 3);
INSERT INTO `sensors_values` (`id`, `value`, `date_time`, `room_type_id`, `sensor_type_id`) VALUES
(4839, 1046, '2022-11-24 12:47:21', 3, 3),
(4840, 1043.2, '2022-11-24 12:47:21', 4, 3),
(4841, 1045.5, '2022-11-24 12:47:21', 6, 3),
(4842, 1045.4, '2022-11-24 12:47:21', 5, 3),
(4843, 20, '2022-11-24 12:47:22', 3, 1),
(4844, 21.2, '2022-11-24 12:47:22', 4, 1),
(4845, 19.5, '2022-11-24 12:47:22', 1, 1),
(4846, 19.7, '2022-11-24 12:47:22', 2, 1),
(4847, 19.8, '2022-11-24 12:47:22', 6, 1),
(4848, 51.1, '2022-11-24 12:47:22', 1, 2),
(4849, 48.4, '2022-11-24 12:47:22', 2, 2),
(4850, 19.9, '2022-11-24 12:47:22', 5, 1),
(4851, 49.9, '2022-11-24 12:47:22', 3, 2),
(4852, 49.4, '2022-11-24 12:47:22', 4, 2),
(4853, 50.4, '2022-11-24 12:47:22', 5, 2),
(4854, 51.9, '2022-11-24 12:47:22', 6, 2),
(4855, 1044.5, '2022-11-24 12:47:22', 2, 3),
(4856, 1045.9, '2022-11-24 12:47:22', 3, 3),
(4857, 1045.5, '2022-11-24 12:47:22', 5, 3),
(4858, 1042.5, '2022-11-24 12:47:22', 1, 3),
(4859, 1043.3, '2022-11-24 12:47:22', 4, 3),
(4860, 1045.5, '2022-11-24 12:47:22', 6, 3),
(4861, 19.5, '2022-11-24 12:47:23', 1, 1),
(4862, 19.9, '2022-11-24 12:47:23', 3, 1),
(4863, 19.8, '2022-11-24 12:47:23', 2, 1),
(4864, 19.9, '2022-11-24 12:47:23', 5, 1),
(4865, 51, '2022-11-24 12:47:23', 1, 2),
(4866, 50, '2022-11-24 12:47:23', 3, 2),
(4867, 21.3, '2022-11-24 12:47:23', 4, 1),
(4868, 48.4, '2022-11-24 12:47:23', 2, 2),
(4869, 19.8, '2022-11-24 12:47:23', 6, 1),
(4870, 50.3, '2022-11-24 12:47:23', 5, 2),
(4871, 49.4, '2022-11-24 12:47:23', 4, 2),
(4872, 1042.4, '2022-11-24 12:47:23', 1, 3),
(4873, 1044.6, '2022-11-24 12:47:23', 2, 3),
(4874, 51.9, '2022-11-24 12:47:23', 6, 2),
(4875, 1045.8, '2022-11-24 12:47:23', 3, 3),
(4876, 1043.2, '2022-11-24 12:47:23', 4, 3),
(4877, 1045.5, '2022-11-24 12:47:23', 5, 3),
(4878, 1045.6, '2022-11-24 12:47:23', 6, 3),
(4879, 19.5, '2022-11-24 12:47:23', 1, 1),
(4880, 20, '2022-11-24 12:47:23', 3, 1),
(4881, 20, '2022-11-24 12:47:23', 5, 1),
(4882, 19.9, '2022-11-24 12:47:23', 2, 1),
(4883, 19.8, '2022-11-24 12:47:23', 6, 1),
(4884, 48.4, '2022-11-24 12:47:23', 2, 2),
(4885, 21.3, '2022-11-24 12:47:23', 4, 1),
(4886, 49.3, '2022-11-24 12:47:23', 4, 2),
(4887, 50.9, '2022-11-24 12:47:23', 1, 2),
(4888, 50, '2022-11-24 12:47:23', 3, 2),
(4889, 50.3, '2022-11-24 12:47:24', 5, 2),
(4890, 1042.4, '2022-11-24 12:47:24', 1, 3),
(4891, 51.8, '2022-11-24 12:47:24', 6, 2),
(4892, 1044.6, '2022-11-24 12:47:24', 2, 3),
(4893, 1043.2, '2022-11-24 12:47:24', 4, 3),
(4894, 1045.9, '2022-11-24 12:47:24', 3, 3),
(4895, 1045.6, '2022-11-24 12:47:24', 5, 3),
(4896, 1045.7, '2022-11-24 12:47:24', 6, 3),
(4897, 19.6, '2022-11-24 12:47:42', 1, 1),
(4898, 19.9, '2022-11-24 12:47:42', 2, 1),
(4899, 19.9, '2022-11-24 12:47:42', 3, 1),
(4900, 19.9, '2022-11-24 12:47:42', 5, 1),
(4901, 19.8, '2022-11-24 12:47:42', 6, 1),
(4902, 21.3, '2022-11-24 12:47:42', 4, 1),
(4903, 51, '2022-11-24 12:47:42', 1, 2),
(4904, 48.5, '2022-11-24 12:47:42', 2, 2),
(4905, 49.2, '2022-11-24 12:47:42', 4, 2),
(4906, 49.9, '2022-11-24 12:47:42', 3, 2),
(4907, 50.3, '2022-11-24 12:47:42', 5, 2),
(4908, 51.9, '2022-11-24 12:47:42', 6, 2),
(4909, 1042.4, '2022-11-24 12:47:42', 1, 3),
(4910, 1044.7, '2022-11-24 12:47:42', 2, 3),
(4911, 1045.8, '2022-11-24 12:47:42', 3, 3),
(4912, 1045.5, '2022-11-24 12:47:42', 5, 3),
(4913, 1045.6, '2022-11-24 12:47:42', 6, 3),
(4914, 1043.3, '2022-11-24 12:47:42', 4, 3),
(4915, 19.9, '2022-11-24 12:47:43', 2, 1),
(4916, 19.8, '2022-11-24 12:47:43', 3, 1),
(4917, 19.6, '2022-11-24 12:47:43', 1, 1),
(4918, 20, '2022-11-24 12:47:43', 5, 1),
(4919, 21.2, '2022-11-24 12:47:43', 4, 1),
(4920, 19.7, '2022-11-24 12:47:43', 6, 1),
(4921, 51, '2022-11-24 12:47:43', 1, 2),
(4922, 49.2, '2022-11-24 12:47:43', 4, 2),
(4923, 48.5, '2022-11-24 12:47:43', 2, 2),
(4924, 50.4, '2022-11-24 12:47:43', 5, 2),
(4925, 49.9, '2022-11-24 12:47:43', 3, 2),
(4926, 52, '2022-11-24 12:47:43', 6, 2),
(4927, 1044.6, '2022-11-24 12:47:43', 2, 3),
(4928, 1045.9, '2022-11-24 12:47:43', 3, 3),
(4929, 1042.5, '2022-11-24 12:47:43', 1, 3),
(4930, 1043.2, '2022-11-24 12:47:43', 4, 3),
(4931, 1045.5, '2022-11-24 12:47:43', 6, 3),
(4932, 1045.4, '2022-11-24 12:47:43', 5, 3),
(4933, 19.5, '2022-11-24 12:47:44', 1, 1),
(4934, 21.3, '2022-11-24 12:47:44', 4, 1),
(4935, 19.7, '2022-11-24 12:47:44', 6, 1),
(4936, 48.6, '2022-11-24 12:47:44', 2, 2),
(4937, 19.8, '2022-11-24 12:47:44', 3, 1),
(4938, 19.9, '2022-11-24 12:47:44', 2, 1),
(4939, 50.9, '2022-11-24 12:47:44', 1, 2),
(4940, 19.9, '2022-11-24 12:47:44', 5, 1),
(4941, 50, '2022-11-24 12:47:44', 3, 2),
(4942, 49.2, '2022-11-24 12:47:44', 4, 2),
(4943, 50.4, '2022-11-24 12:47:44', 5, 2),
(4944, 52.1, '2022-11-24 12:47:44', 6, 2),
(4945, 1044.6, '2022-11-24 12:47:44', 2, 3),
(4946, 1042.5, '2022-11-24 12:47:44', 1, 3),
(4947, 1046, '2022-11-24 12:47:44', 3, 3),
(4948, 1045.4, '2022-11-24 12:47:44', 5, 3),
(4949, 1045.6, '2022-11-24 12:47:44', 6, 3),
(4950, 1043.1, '2022-11-24 12:47:44', 4, 3),
(4951, 19.8, '2022-11-24 12:47:44', 2, 1),
(4952, 19.7, '2022-11-24 12:47:44', 3, 1),
(4953, 19.6, '2022-11-24 12:47:44', 1, 1),
(4954, 21.3, '2022-11-24 12:47:44', 4, 1),
(4955, 50.9, '2022-11-24 12:47:44', 1, 2),
(4956, 19.7, '2022-11-24 12:47:44', 6, 1),
(4957, 20, '2022-11-24 12:47:44', 5, 1),
(4958, 48.5, '2022-11-24 12:47:44', 2, 2),
(4959, 50.5, '2022-11-24 12:47:44', 5, 2),
(4960, 50.1, '2022-11-24 12:47:44', 3, 2),
(4961, 49.3, '2022-11-24 12:47:44', 4, 2),
(4962, 1044.5, '2022-11-24 12:47:44', 2, 3),
(4963, 52.2, '2022-11-24 12:47:44', 6, 2),
(4964, 1045.9, '2022-11-24 12:47:44', 3, 3),
(4965, 1042.5, '2022-11-24 12:47:44', 1, 3),
(4966, 1045.6, '2022-11-24 12:47:44', 6, 3),
(4967, 1043.2, '2022-11-24 12:47:44', 4, 3),
(4968, 1045.5, '2022-11-24 12:47:44', 5, 3),
(4969, 19.7, '2022-11-24 12:47:45', 3, 1),
(4970, 19.8, '2022-11-24 12:47:45', 2, 1),
(4971, 19.6, '2022-11-24 12:47:45', 1, 1),
(4972, 21.3, '2022-11-24 12:47:45', 4, 1),
(4973, 19.9, '2022-11-24 12:47:45', 5, 1),
(4974, 51, '2022-11-24 12:47:45', 1, 2),
(4975, 48.6, '2022-11-24 12:47:45', 2, 2),
(4976, 19.7, '2022-11-24 12:47:45', 6, 1),
(4977, 49.4, '2022-11-24 12:47:45', 4, 2),
(4978, 50.1, '2022-11-24 12:47:45', 3, 2),
(4979, 50.6, '2022-11-24 12:47:45', 5, 2),
(4980, 52.2, '2022-11-24 12:47:45', 6, 2),
(4981, 1042.5, '2022-11-24 12:47:45', 1, 3),
(4982, 1044.5, '2022-11-24 12:47:45', 2, 3),
(4983, 1046, '2022-11-24 12:47:45', 3, 3),
(4984, 1043.2, '2022-11-24 12:47:45', 4, 3),
(4985, 1045.4, '2022-11-24 12:47:45', 5, 3),
(4986, 1045.6, '2022-11-24 12:47:45', 6, 3),
(4987, 19.6, '2022-11-24 12:47:52', 1, 1),
(4988, 19.7, '2022-11-24 12:47:52', 3, 1),
(4989, 19.9, '2022-11-24 12:47:52', 2, 1),
(4990, 21.2, '2022-11-24 12:47:52', 4, 1),
(4991, 51, '2022-11-24 12:47:52', 1, 2),
(4992, 19.8, '2022-11-24 12:47:52', 5, 1),
(4993, 48.6, '2022-11-24 12:47:52', 2, 2),
(4994, 19.7, '2022-11-24 12:47:52', 6, 1),
(4995, 50, '2022-11-24 12:47:52', 3, 2),
(4996, 52.2, '2022-11-24 12:47:52', 6, 2),
(4997, 49.3, '2022-11-24 12:47:52', 4, 2),
(4998, 50.7, '2022-11-24 12:47:52', 5, 2),
(4999, 1042.5, '2022-11-24 12:47:52', 1, 3),
(5000, 1044.5, '2022-11-24 12:47:52', 2, 3),
(5001, 1043.3, '2022-11-24 12:47:52', 4, 3),
(5002, 1045.4, '2022-11-24 12:47:52', 5, 3),
(5003, 1045.7, '2022-11-24 12:47:52', 6, 3),
(5004, 1046.1, '2022-11-24 12:47:52', 3, 3),
(5005, 20, '2022-11-24 12:47:53', 2, 1),
(5006, 19.7, '2022-11-24 12:47:53', 1, 1),
(5007, 19.6, '2022-11-24 12:47:53', 3, 1),
(5008, 21.3, '2022-11-24 12:47:53', 4, 1),
(5009, 19.8, '2022-11-24 12:47:53', 5, 1),
(5010, 19.6, '2022-11-24 12:47:53', 6, 1),
(5011, 51.1, '2022-11-24 12:47:53', 1, 2),
(5012, 50, '2022-11-24 12:47:53', 3, 2),
(5013, 50.7, '2022-11-24 12:47:53', 5, 2),
(5014, 48.6, '2022-11-24 12:47:53', 2, 2),
(5015, 49.2, '2022-11-24 12:47:53', 4, 2),
(5016, 1046.2, '2022-11-24 12:47:53', 3, 3),
(5017, 1042.6, '2022-11-24 12:47:53', 1, 3),
(5018, 52.3, '2022-11-24 12:47:53', 6, 2),
(5019, 1044.6, '2022-11-24 12:47:53', 2, 3),
(5020, 1043.2, '2022-11-24 12:47:53', 4, 3),
(5021, 1045.4, '2022-11-24 12:47:53', 5, 3),
(5022, 1045.6, '2022-11-24 12:47:53', 6, 3),
(5023, 19.9, '2022-11-24 12:47:53', 2, 1),
(5024, 19.7, '2022-11-24 12:47:53', 1, 1),
(5025, 19.7, '2022-11-24 12:47:53', 3, 1),
(5026, 21.2, '2022-11-24 12:47:53', 4, 1),
(5027, 19.8, '2022-11-24 12:47:53', 5, 1),
(5028, 19.7, '2022-11-24 12:47:53', 6, 1),
(5029, 51, '2022-11-24 12:47:53', 1, 2),
(5030, 48.7, '2022-11-24 12:47:53', 2, 2),
(5031, 49.9, '2022-11-24 12:47:53', 3, 2),
(5032, 50.8, '2022-11-24 12:47:53', 5, 2),
(5033, 52.2, '2022-11-24 12:47:53', 6, 2),
(5034, 49.3, '2022-11-24 12:47:53', 4, 2),
(5035, 1044.6, '2022-11-24 12:47:53', 2, 3),
(5036, 1046.2, '2022-11-24 12:47:53', 3, 3),
(5037, 1042.7, '2022-11-24 12:47:53', 1, 3),
(5038, 1043.3, '2022-11-24 12:47:53', 4, 3),
(5039, 1045.4, '2022-11-24 12:47:53', 5, 3),
(5040, 1045.5, '2022-11-24 12:47:53', 6, 3),
(5041, 20, '2022-11-24 12:47:55', 2, 1),
(5042, 19.7, '2022-11-24 12:47:55', 3, 1),
(5043, 19.8, '2022-11-24 12:47:55', 1, 1),
(5044, 21.3, '2022-11-24 12:47:55', 4, 1),
(5045, 19.7, '2022-11-24 12:47:55', 5, 1),
(5046, 19.6, '2022-11-24 12:47:55', 6, 1),
(5047, 51.1, '2022-11-24 12:47:55', 1, 2),
(5048, 49.8, '2022-11-24 12:47:55', 3, 2),
(5049, 49.4, '2022-11-24 12:47:55', 4, 2),
(5050, 48.6, '2022-11-24 12:47:55', 2, 2),
(5051, 52.1, '2022-11-24 12:47:55', 6, 2),
(5052, 1042.8, '2022-11-24 12:47:55', 1, 3),
(5053, 1044.5, '2022-11-24 12:47:55', 2, 3),
(5054, 1046.1, '2022-11-24 12:47:55', 3, 3),
(5055, 1043.3, '2022-11-24 12:47:55', 4, 3),
(5056, 1045.4, '2022-11-24 12:47:55', 5, 3),
(5057, 50.8, '2022-11-24 12:47:55', 5, 2),
(5058, 1045.4, '2022-11-24 12:47:55', 6, 3);

-- --------------------------------------------------------

--
-- Tábla szerkezet ehhez a táblához `sensor_type`
--

CREATE TABLE IF NOT EXISTS `sensor_type` (
  `id` int(11) NOT NULL AUTO_INCREMENT,
  `code_name` varchar(32) COLLATE utf8_hungarian_ci NOT NULL,
  PRIMARY KEY (`id`)
) ENGINE=InnoDB AUTO_INCREMENT=5 DEFAULT CHARSET=utf8 COLLATE=utf8_hungarian_ci;

--
-- A tábla adatainak kiíratása `sensor_type`
--

INSERT INTO `sensor_type` (`id`, `code_name`) VALUES
(1, 'thermometer'),
(2, 'humidity'),
(3, 'air_pressure'),
(4, 'light');

--
-- Megkötések a kiírt táblákhoz
--

--
-- Megkötések a táblához `rooms_settings`
--
ALTER TABLE `rooms_settings`
  ADD CONSTRAINT `rooms_settings_ibfk_1` FOREIGN KEY (`room_type_id`) REFERENCES `room_type` (`id`),
  ADD CONSTRAINT `rooms_settings_ibfk_2` FOREIGN KEY (`sensor_type_id`) REFERENCES `sensor_type` (`id`);

--
-- Megkötések a táblához `sensors_values`
--
ALTER TABLE `sensors_values`
  ADD CONSTRAINT `sensors_values_ibfk_1` FOREIGN KEY (`room_type_id`) REFERENCES `room_type` (`id`),
  ADD CONSTRAINT `sensors_values_ibfk_2` FOREIGN KEY (`sensor_type_id`) REFERENCES `sensor_type` (`id`);
COMMIT;

/*!40101 SET CHARACTER_SET_CLIENT=@OLD_CHARACTER_SET_CLIENT */;
/*!40101 SET CHARACTER_SET_RESULTS=@OLD_CHARACTER_SET_RESULTS */;
/*!40101 SET COLLATION_CONNECTION=@OLD_COLLATION_CONNECTION */;
